account_id,account_name,industry,country,signup_date,referral_source,plan_tier,seats,is_trial,churn_flag,total_usage,avg_usage_duration,total:errors,inactive,high_value,ticket_count,avg_resolution_time,avg_satisfaction,total_escalations,churn,low_satisfaction,support_heavy
A-2e4581,Company_0,EdTech,US,2024-10-16,partner,Basic,9,False,False,535.0,2725.172976190476,38.0,0,0,2.0,23.0,3.0,0.0,1,1,0
A-43a9e3,Company_1,FinTech,IN,2023-08-17,other,Basic,18,False,True,355.0,2969.6927083333335,14.0,1,1,3.0,38.0,4.0,0.0,0,0,0
A-0a282f,Company_2,DevTools,US,2024-08-27,organic,Basic,1,False,False,821.0,3094.5455026455024,48.0,0,0,3.0,43.666666666666664,4.666666666666667,0.0,1,0,0
A-1f0ac7,Company_3,HealthTech,UK,2023-08-27,other,Basic,24,True,False,382.0,2494.079748822606,21.0,1,1,2.0,29.0,4.0,0.0,1,0,0
A-ce550d,Company_4,HealthTech,US,2024-10-27,event,Enterprise,35,False,True,579.0,3641.1074074074077,31.0,0,1,7.0,42.285714285714285,3.8,1.0,1,1,1
A-1b9609,Company_5,EdTech,IN,2023-10-12,ads,Enterprise,4,False,False,457.0,3097.104329004329,21.0,1,0,4.0,43.0,3.0,0.0,1,1,0
A-a0ca4e,Company_6,Cybersecurity,US,2024-03-08,ads,Pro,11,False,False,373.0,3096.65,14.0,1,0,6.0,39.166666666666664,3.8,3.0,0,1,1
A-e5d6ab,Company_7,EdTech,US,2023-04-15,partner,Pro,3,False,False,382.0,2516.047857142857,23.0,1,0,3.0,42.666666666666664,4.0,0.0,1,0,0
A-7dacce,Company_8,Cybersecurity,CA,2024-09-10,event,Enterprise,12,False,True,472.0,2950.0080952380954,29.0,1,0,4.0,32.5,3.6666666666666665,0.0,1,1,0
A-10b8da,Company_9,DevTools,US,2023-05-08,partner,Enterprise,14,False,True,257.0,2271.813888888889,14.0,1,0,3.0,31.333333333333332,3.5,0.0,0,1,0
A-592832,Company_10,Cybersecurity,US,2024-09-25,organic,Basic,18,False,True,1053.0,3250.503306878307,55.0,0,1,3.0,32.666666666666664,5.0,0.0,1,0,0
A-d40bf7,Company_11,FinTech,IN,2024-11-08,organic,Basic,59,False,False,562.0,2749.165,22.0,0,1,2.0,20.5,5.0,0.0,0,0,0
A-6c093d,Company_12,DevTools,US,2023-04-14,partner,Basic,7,True,False,670.0,3448.451235569986,30.0,0,0,3.0,40.333333333333336,5.0,1.0,0,0,0
A-462d45,Company_13,Cybersecurity,US,2024-01-15,partner,Enterprise,11,True,False,642.0,2283.2247023809523,26.0,0,0,4.0,26.75,4.0,0.0,1,0,0
A-956988,Company_14,EdTech,UK,2024-11-30,ads,Enterprise,1,False,False,658.0,2642.639926739927,49.0,0,0,2.0,50.5,3.0,0.0,1,1,0
A-ac14bb,Company_15,FinTech,US,2023-09-08,partner,Enterprise,21,False,False,531.0,3124.6390376984127,42.0,0,1,2.0,24.5,4.0,0.0,1,0,0
A-463db0,Company_16,HealthTech,US,2024-12-05,partner,Basic,15,False,False,367.0,2812.8571428571427,13.0,1,0,6.0,50.166666666666664,4.25,1.0,1,0,1
A-ce66f8,Company_17,EdTech,CA,2023-08-23,event,Pro,29,False,False,494.0,2930.3419312169312,19.0,1,1,6.0,41.666666666666664,3.5,0.0,0,1,1
A-c4ea60,Company_18,FinTech,DE,2023-03-09,other,Enterprise,18,False,True,427.0,3180.472222222222,18.0,1,1,5.0,36.0,3.6,0.0,0,1,1
A-832ec2,Company_19,FinTech,UK,2023-11-19,event,Enterprise,4,True,False,511.0,3232.548363095238,25.0,0,0,3.0,26.0,4.0,1.0,1,0,0
A-684255,Company_20,FinTech,US,2024-04-14,ads,Enterprise,9,False,False,653.0,2885.38324829932,44.0,0,0,4.0,14.25,4.666666666666667,1.0,1,0,0
A-c42f1f,Company_21,HealthTech,US,2024-07-28,other,Pro,8,False,False,337.0,2992.65,20.0,1,0,9.0,31.333333333333332,4.0,1.0,0,0,1
A-4e44e8,Company_22,DevTools,US,2024-08-20,ads,Enterprise,3,False,True,687.0,2997.0675170068025,37.0,0,0,3.0,31.333333333333332,3.3333333333333335,0.0,1,1,0
A-30b4ca,Company_23,EdTech,IN,2024-05-20,organic,Basic,86,False,True,402.0,3153.625396825397,22.0,1,1,3.0,57.666666666666664,4.0,0.0,1,0,0
A-9f2731,Company_24,FinTech,IN,2024-10-04,event,Enterprise,1,False,False,324.0,2857.7772108843537,20.0,1,0,0.0,0.0,4.0,0.0,1,0,0
A-32fb14,Company_25,DevTools,US,2023-03-07,event,Enterprise,26,False,True,488.0,3181.033950617284,19.0,1,1,5.0,34.0,4.5,0.0,1,0,1
A-00cac8,Company_26,HealthTech,AU,2023-09-15,organic,Enterprise,8,True,False,602.0,2837.9137566137565,31.0,0,0,2.0,33.0,4.0,0.0,0,0,0
A-35083d,Company_27,HealthTech,IN,2023-04-28,partner,Basic,19,False,True,791.0,3041.6228422619047,37.0,0,1,4.0,49.75,5.0,0.0,0,0,0
A-eb7fac,Company_28,DevTools,US,2023-10-28,organic,Enterprise,7,False,False,538.0,3763.8338624338626,44.0,0,0,4.0,34.0,4.0,0.0,1,0,0
A-b20d99,Company_29,HealthTech,IN,2023-09-27,other,Basic,20,False,False,329.0,3145.503401360544,12.0,1,1,2.0,61.5,3.5,0.0,1,1,0
A-396e5f,Company_30,Cybersecurity,CA,2024-10-02,other,Enterprise,2,False,False,540.0,3008.369642857143,23.0,0,0,5.0,24.8,4.0,1.0,1,0,1
A-45ce7a,Company_31,FinTech,US,2023-07-23,ads,Enterprise,16,False,False,424.0,3058.6154761904763,30.0,1,1,5.0,45.4,3.6666666666666665,0.0,0,1,1
A-08e34e,Company_32,EdTech,US,2024-06-27,event,Basic,14,False,True,651.0,2934.82803030303,32.0,0,0,3.0,43.0,3.0,0.0,1,1,0
A-8145a0,Company_33,Cybersecurity,AU,2023-04-25,partner,Basic,2,True,False,693.0,2875.547023809524,27.0,0,0,6.0,23.666666666666668,4.0,0.0,1,0,1
A-bad8c1,Company_34,FinTech,AU,2023-03-01,organic,Basic,7,False,False,385.0,3479.1964285714284,11.0,1,0,1.0,27.0,4.0,0.0,1,0,0
A-44dc83,Company_35,EdTech,FR,2024-05-12,other,Basic,5,False,False,248.0,3345.5055555555555,13.0,1,0,7.0,40.857142857142854,4.6,0.0,1,0,1
A-f446b6,Company_36,DevTools,DE,2023-05-12,ads,Pro,5,True,False,376.0,3242.350793650794,31.0,1,0,8.0,30.75,4.25,1.0,0,0,1
A-a45270,Company_37,HealthTech,US,2024-06-24,ads,Enterprise,3,False,False,733.0,3035.040509259259,53.0,0,0,4.0,64.0,4.0,0.0,1,0,0
A-854864,Company_38,FinTech,IN,2024-12-07,event,Enterprise,20,False,False,248.0,3182.4861111111113,10.0,1,1,5.0,44.2,4.8,0.0,1,0,1
A-1b7577,Company_39,Cybersecurity,US,2024-10-27,other,Pro,4,False,False,647.0,3210.3677489177494,33.0,0,0,5.0,27.2,4.0,0.0,0,0,1
A-05f0e5,Company_40,FinTech,US,2023-05-04,partner,Basic,32,False,False,706.0,3053.31875,46.0,0,1,4.0,20.0,4.0,0.0,1,0,0
A-9077b0,Company_41,HealthTech,US,2024-08-25,ads,Basic,2,False,False,493.0,3196.762301587302,31.0,1,0,3.0,40.333333333333336,4.333333333333333,0.0,0,0,0
A-7f8241,Company_42,EdTech,US,2023-03-14,organic,Pro,34,False,True,734.0,3040.7447619047616,38.0,0,1,1.0,36.0,3.0,0.0,0,1,0
A-2bc93d,Company_43,HealthTech,US,2023-03-14,event,Basic,14,False,False,666.0,3341.2605311355314,31.0,0,0,2.0,12.0,4.5,0.0,1,0,0
A-f3ff05,Company_44,FinTech,IN,2024-07-06,other,Enterprise,2,False,False,672.0,2830.7952380952383,36.0,0,0,3.0,42.666666666666664,3.5,0.0,1,1,0
A-2d4502,Company_45,FinTech,IN,2024-04-29,event,Basic,7,False,False,465.0,2625.2785714285715,19.0,1,0,3.0,26.333333333333332,5.0,0.0,1,0,0
A-6a4e2d,Company_46,EdTech,UK,2023-04-07,partner,Pro,9,False,False,597.0,2884.855194805195,31.0,0,0,2.0,18.5,4.5,1.0,1,0,0
A-eb7c38,Company_47,DevTools,AU,2024-02-25,organic,Enterprise,5,False,False,693.0,2926.842619047619,27.0,0,0,5.0,22.4,4.333333333333333,0.0,1,0,1
A-c37601,Company_48,EdTech,US,2024-10-31,partner,Basic,6,True,False,489.0,2985.666666666667,21.0,1,0,4.0,42.25,3.6666666666666665,0.0,1,1,0
A-3b5cd1,Company_49,FinTech,US,2023-09-12,event,Basic,13,True,False,523.0,3375.8182539682543,24.0,0,0,5.0,27.4,4.0,0.0,1,0,1
A-b2225d,Company_50,FinTech,US,2024-03-08,ads,Basic,47,False,True,696.0,3141.100357744108,60.0,0,1,2.0,42.0,3.0,0.0,1,1,0
A-94f8c9,Company_51,HealthTech,US,2024-03-29,other,Basic,13,False,False,746.0,2407.0822916666666,63.0,0,0,3.0,47.333333333333336,5.0,0.0,1,0,0
A-02fac6,Company_52,FinTech,US,2023-04-06,event,Pro,22,False,False,514.0,3100.713924963925,34.0,0,1,6.0,23.333333333333332,4.0,0.0,1,0,1
A-c1dfe1,Company_53,DevTools,DE,2023-08-07,ads,Pro,26,False,False,375.0,3139.2725694444443,30.0,1,1,3.0,50.333333333333336,4.0,0.0,1,0,0
A-32728c,Company_54,DevTools,US,2023-01-03,event,Pro,20,False,True,418.0,2742.975,22.0,1,1,2.0,34.5,3.5,0.0,1,1,0
A-4c38bc,Company_55,HealthTech,UK,2024-03-09,event,Basic,36,False,True,818.0,3354.0036458333334,27.0,0,1,3.0,48.333333333333336,3.5,0.0,0,1,0
A-1b707d,Company_56,Cybersecurity,US,2023-07-14,organic,Enterprise,1,False,False,399.0,3404.898065476191,12.0,1,0,3.0,42.666666666666664,4.0,0.0,1,0,0
A-6f8ad2,Company_57,EdTech,IN,2024-07-09,organic,Basic,1,False,False,924.0,2881.189705882353,59.0,0,0,4.0,35.25,4.333333333333333,0.0,0,0,0
A-4d1e75,Company_58,DevTools,US,2024-08-21,other,Basic,20,False,False,477.0,2612.7104395604397,25.0,1,1,2.0,15.0,4.0,0.0,1,0,0
A-9ee962,Company_59,HealthTech,US,2023-02-28,ads,Basic,9,False,True,439.0,3448.6032738095237,17.0,1,0,3.0,37.0,4.0,0.0,1,0,0
A-378b99,Company_60,EdTech,UK,2024-09-01,ads,Pro,8,True,False,565.0,3331.860119047619,38.0,0,0,6.0,28.5,4.5,0.0,1,0,1
A-94d3da,Company_61,HealthTech,US,2023-05-03,other,Basic,41,False,False,464.0,3147.1244047619043,25.0,1,1,6.0,26.833333333333332,3.5,0.0,1,1,1
A-e351e1,Company_62,EdTech,US,2024-09-26,other,Enterprise,33,False,False,295.0,3611.2055555555553,22.0,1,1,4.0,17.0,3.75,0.0,1,1,0
A-9badbd,Company_63,Cybersecurity,DE,2024-06-19,ads,Enterprise,5,True,False,729.0,3135.0051559551557,45.0,0,0,5.0,30.2,5.0,0.0,0,0,1
A-7e0a10,Company_64,FinTech,US,2023-11-18,ads,Enterprise,46,False,False,511.0,3503.2863492063493,35.0,0,1,5.0,39.4,4.0,0.0,1,0,1
A-118d55,Company_65,Cybersecurity,US,2024-10-22,organic,Basic,8,False,False,599.0,2408.9357804232804,33.0,0,0,5.0,24.2,4.333333333333333,0.0,1,0,1
A-526d93,Company_66,HealthTech,FR,2024-04-14,organic,Basic,43,False,False,565.0,2610.035802469136,45.0,0,1,5.0,51.4,3.5,1.0,1,1,1
A-f92792,Company_67,FinTech,US,2024-07-04,ads,Pro,1,False,False,528.0,2678.957142857143,31.0,0,0,2.0,45.0,4.0,0.0,1,0,0
A-84ebe4,Company_68,FinTech,US,2023-03-12,ads,Pro,18,True,True,396.0,2784.9636363636364,26.0,1,1,4.0,29.5,4.0,0.0,1,0,0
A-5b4ebb,Company_69,Cybersecurity,UK,2024-07-10,other,Basic,21,True,True,692.0,2830.062545787546,25.0,0,1,5.0,35.4,4.75,0.0,0,0,1
A-2922b6,Company_70,HealthTech,US,2024-11-14,organic,Basic,15,False,False,393.0,3181.5769841269844,13.0,1,0,2.0,15.5,4.0,0.0,1,0,0
A-9b9fe9,Company_71,EdTech,AU,2023-09-28,other,Basic,5,False,False,597.0,3439.5883838383834,22.0,0,0,4.0,33.5,4.0,0.0,1,0,0
A-a8b49c,Company_72,Cybersecurity,UK,2023-10-06,partner,Basic,7,False,False,545.0,3413.387037037037,43.0,0,0,1.0,72.0,4.0,0.0,1,0,0
A-9174e0,Company_73,Cybersecurity,US,2024-12-04,partner,Basic,37,False,False,689.0,2944.368494468494,61.0,0,1,2.0,39.0,5.0,0.0,0,0,0
A-a1bbb6,Company_74,DevTools,CA,2023-04-05,organic,Basic,1,False,False,366.0,3535.144047619048,20.0,1,0,3.0,17.666666666666668,4.0,0.0,0,0,0
A-c45b23,Company_75,FinTech,UK,2023-12-08,partner,Basic,5,False,False,581.0,3109.918055555556,30.0,0,0,3.0,36.666666666666664,3.0,0.0,1,1,0
A-02cd81,Company_76,HealthTech,IN,2024-03-28,other,Basic,44,False,False,684.0,3080.659183673469,28.0,0,1,3.0,17.333333333333332,4.5,1.0,1,0,0
A-ee42db,Company_77,EdTech,DE,2023-04-25,ads,Enterprise,13,False,False,511.0,2985.3298611111113,33.0,0,0,4.0,33.75,3.0,0.0,1,1,0
A-432483,Company_78,Cybersecurity,US,2023-02-06,ads,Pro,4,False,False,451.0,3547.4942680776016,28.0,1,0,1.0,51.0,4.0,0.0,0,0,0
A-9208f0,Company_79,EdTech,US,2023-05-11,organic,Pro,1,False,True,538.0,3042.1118055555557,31.0,0,0,8.0,41.25,3.3333333333333335,1.0,1,1,1
A-98a59a,Company_80,FinTech,UK,2023-08-04,partner,Enterprise,56,False,False,455.0,2857.362142857143,21.0,1,1,3.0,37.333333333333336,4.5,0.0,1,0,0
A-fe79a5,Company_81,HealthTech,IN,2024-02-21,ads,Basic,9,True,False,335.0,3095.5816666666665,17.0,1,0,4.0,28.5,5.0,0.0,0,0,0
A-726cfa,Company_82,DevTools,US,2023-07-01,partner,Pro,11,False,False,993.0,2841.160659223817,45.0,0,0,3.0,35.666666666666664,4.0,0.0,1,0,0
A-c43359,Company_83,FinTech,US,2024-11-16,organic,Pro,38,False,False,461.0,3140.961011904762,32.0,1,1,3.0,26.666666666666668,4.0,0.0,1,0,0
A-271f46,Company_84,DevTools,US,2023-02-09,event,Pro,38,False,True,373.0,2860.5729166666665,16.0,1,1,1.0,36.0,4.0,0.0,1,0,0
A-157070,Company_85,FinTech,US,2023-11-09,ads,Pro,16,False,False,696.0,2501.644915674603,26.0,0,1,3.0,42.333333333333336,3.0,1.0,1,1,0
A-40a557,Company_86,Cybersecurity,AU,2023-12-03,partner,Pro,16,True,False,402.0,2912.1880952380952,17.0,1,1,7.0,30.571428571428573,3.6666666666666665,0.0,1,1,1
A-66224b,Company_87,HealthTech,US,2024-10-18,other,Pro,92,True,False,626.0,3159.1041666666665,29.0,0,1,6.0,39.833333333333336,3.5,0.0,0,1,1
A-91e948,Company_88,EdTech,AU,2023-01-29,partner,Basic,41,False,False,404.0,2711.9821428571427,16.0,1,1,0.0,0.0,4.0,0.0,0,0,0
A-104f1a,Company_89,Cybersecurity,US,2024-08-17,other,Pro,24,False,False,438.0,3665.010267857143,22.0,1,1,5.0,33.2,3.75,1.0,1,1,1
A-7988d1,Company_90,Cybersecurity,US,2023-12-20,other,Basic,33,False,False,449.0,3040.548412698413,28.0,1,1,3.0,35.333333333333336,4.333333333333333,0.0,1,0,0
A-faa28c,Company_91,HealthTech,US,2024-01-30,organic,Enterprise,48,False,False,585.0,2734.3186224489796,24.0,0,1,4.0,52.25,4.666666666666667,1.0,1,0,0
A-f25509,Company_92,EdTech,US,2024-03-22,other,Enterprise,32,False,False,229.0,3009.7683333333334,15.0,1,1,6.0,42.666666666666664,4.666666666666667,0.0,1,0,1
A-3a7284,Company_93,FinTech,US,2024-11-17,organic,Enterprise,31,False,False,609.0,3075.2530753968254,30.0,0,1,3.0,56.333333333333336,3.5,0.0,1,1,0
A-3a5ad8,Company_94,HealthTech,US,2023-12-05,organic,Enterprise,9,True,False,506.0,2349.6860805860806,23.0,0,0,4.0,44.75,4.5,0.0,0,0,0
A-65a46c,Company_95,HealthTech,US,2023-11-04,event,Pro,1,False,False,370.0,3171.603869047619,21.0,1,0,8.0,45.125,4.0,0.0,0,0,1
A-8b25f2,Company_96,Cybersecurity,US,2024-02-17,ads,Pro,6,False,True,565.0,2984.263003663004,20.0,0,0,2.0,35.5,4.0,0.0,0,0,0
A-fabe19,Company_97,DevTools,UK,2024-11-11,ads,Enterprise,1,False,False,337.0,3451.1617346938774,16.0,1,0,3.0,40.666666666666664,4.0,0.0,0,0,0
A-adc1f3,Company_98,Cybersecurity,US,2024-08-05,organic,Pro,2,False,False,334.0,3282.8420138888887,26.0,1,0,3.0,47.333333333333336,3.5,0.0,0,1,0
A-503d5a,Company_99,FinTech,US,2023-10-21,other,Enterprise,4,False,True,605.0,3665.658134920635,32.0,0,0,9.0,36.55555555555556,4.0,0.0,0,0,1
A-fd7ad3,Company_100,Cybersecurity,US,2024-11-01,event,Enterprise,1,False,False,567.0,3087.115119047619,42.0,0,0,8.0,48.75,4.166666666666667,1.0,1,0,1
A-186a44,Company_101,HealthTech,US,2023-08-07,ads,Enterprise,20,False,False,614.0,3487.0361394557826,25.0,0,1,7.0,38.285714285714285,3.5,0.0,0,1,1
A-e888d1,Company_102,Cybersecurity,US,2023-03-28,other,Pro,14,False,False,552.0,3151.301111111111,36.0,0,0,5.0,43.0,4.0,1.0,1,0,1
A-69fad4,Company_103,FinTech,UK,2023-04-06,ads,Basic,6,False,True,412.0,3095.303231292517,24.0,1,0,4.0,43.0,3.6666666666666665,0.0,1,1,0
A-9289f6,Company_104,EdTech,US,2023-05-31,event,Enterprise,1,False,False,642.0,2994.7194444444444,38.0,0,0,6.0,37.5,4.333333333333333,0.0,1,0,1
A-f19409,Company_105,DevTools,US,2023-03-16,other,Basic,23,False,True,659.0,3365.248015873016,31.0,0,1,3.0,6.333333333333333,4.0,0.0,1,0,0
A-22f2df,Company_106,DevTools,US,2024-12-14,ads,Basic,3,False,False,429.0,2756.9392857142857,17.0,1,0,5.0,44.8,5.0,0.0,0,0,1
A-039727,Company_107,EdTech,AU,2024-11-02,organic,Pro,25,False,False,768.0,3442.4798412698415,32.0,0,1,0.0,0.0,4.0,0.0,1,0,0
A-2e3bad,Company_108,FinTech,CA,2023-08-13,other,Pro,61,False,False,435.0,2719.6433333333334,26.0,1,1,5.0,31.4,3.5,0.0,1,1,1
A-484819,Company_109,HealthTech,US,2023-02-21,organic,Pro,18,False,False,336.0,3501.9690476190476,20.0,1,1,5.0,33.2,4.5,0.0,1,0,1
A-425e76,Company_110,DevTools,UK,2023-05-17,other,Enterprise,8,False,True,438.0,2672.4849206349204,24.0,1,0,5.0,48.2,3.3333333333333335,1.0,1,1,1
A-e83938,Company_111,DevTools,UK,2023-11-21,other,Pro,2,True,True,266.0,2932.1583333333333,18.0,1,0,4.0,31.0,3.0,0.0,1,1,0
A-ad296b,Company_112,DevTools,AU,2024-07-15,event,Pro,38,False,False,294.0,3188.056349206349,12.0,1,1,3.0,28.333333333333332,3.6666666666666665,1.0,0,1,0
A-e51ec7,Company_113,FinTech,CA,2023-09-23,partner,Enterprise,2,False,False,417.0,3162.27003968254,18.0,1,0,3.0,37.0,5.0,0.0,1,0,0
A-0aaf6e,Company_114,FinTech,US,2024-05-11,organic,Enterprise,3,False,False,599.0,3202.299470899471,39.0,0,0,5.0,45.0,4.0,0.0,0,0,1
A-e61e98,Company_115,FinTech,US,2023-10-20,partner,Enterprise,19,False,True,527.0,2145.823148148148,25.0,0,1,6.0,30.333333333333332,4.6,1.0,1,0,1
A-92a333,Company_116,FinTech,US,2023-03-24,event,Enterprise,9,False,False,364.0,2881.491666666667,30.0,1,0,4.0,23.25,4.0,1.0,0,0,0
A-95b24a,Company_117,FinTech,US,2023-06-06,event,Pro,38,False,True,611.0,3145.2558441558444,34.0,0,1,5.0,21.2,4.25,0.0,0,0,1
A-42e5e1,Company_118,DevTools,US,2024-07-09,ads,Pro,1,False,True,411.0,2591.600680272109,41.0,1,0,3.0,29.0,4.0,0.0,1,0,0
A-7d514c,Company_119,HealthTech,DE,2024-02-03,organic,Enterprise,17,False,False,502.0,2971.4594017094014,30.0,0,1,3.0,33.333333333333336,5.0,0.0,0,0,0
A-65aeb5,Company_120,DevTools,US,2024-01-25,partner,Pro,9,False,False,533.0,2748.640046296296,40.0,0,0,2.0,42.5,5.0,0.0,1,0,0
A-e2cd1b,Company_121,DevTools,US,2024-02-04,other,Enterprise,15,False,False,465.0,2695.7915343915342,18.0,1,0,5.0,37.8,4.0,0.0,0,0,1
A-180abf,Company_122,DevTools,US,2023-08-14,event,Pro,64,False,True,499.0,2523.0961199294534,28.0,0,1,3.0,36.333333333333336,3.0,0.0,1,1,0
A-f17767,Company_123,DevTools,US,2023-01-30,event,Enterprise,1,True,True,713.0,3021.0224206349208,38.0,0,0,3.0,36.333333333333336,4.0,1.0,1,0,0
A-5a184f,Company_124,DevTools,DE,2023-06-19,other,Enterprise,1,False,True,587.0,3129.8532142857143,29.0,0,0,3.0,15.333333333333334,4.333333333333333,0.0,1,0,0
A-7df7a7,Company_125,DevTools,US,2023-01-28,organic,Basic,7,False,True,922.0,2855.5198656898656,47.0,0,0,3.0,28.0,4.0,1.0,1,0,0
A-1ac5e0,Company_126,DevTools,US,2024-10-20,event,Basic,33,False,True,558.0,2873.4098412698413,31.0,0,1,7.0,40.42857142857143,3.8,0.0,0,1,1
A-52dd88,Company_127,Cybersecurity,US,2023-02-21,ads,Pro,23,False,False,516.0,3709.1353535353537,33.0,0,1,1.0,72.0,4.0,0.0,0,0,0
A-bece89,Company_128,Cybersecurity,IN,2023-12-01,event,Pro,26,False,False,176.0,2708.6,13.0,1,1,4.0,32.5,4.0,1.0,1,0,0
A-029f69,Company_129,Cybersecurity,CA,2024-03-07,event,Basic,3,False,False,789.0,2967.6728174603177,42.0,0,0,2.0,42.0,3.0,0.0,1,1,0
A-5c046d,Company_130,EdTech,FR,2024-07-06,partner,Basic,93,False,False,475.0,2913.806101190476,23.0,1,1,1.0,13.0,3.0,0.0,0,1,0
A-fb186e,Company_131,EdTech,IN,2024-10-27,organic,Basic,29,False,False,207.0,3810.444444444444,7.0,1,1,6.0,26.166666666666668,3.6666666666666665,0.0,0,1,1
A-ae052e,Company_132,FinTech,CA,2023-09-11,other,Basic,39,False,False,300.0,2961.435714285714,12.0,1,1,4.0,31.25,4.0,0.0,1,0,0
A-9f9299,Company_133,FinTech,US,2023-09-02,organic,Enterprise,28,True,False,830.0,2917.1939682539683,54.0,0,1,5.0,36.2,5.0,0.0,1,0,1
A-96e141,Company_134,DevTools,UK,2023-08-12,partner,Basic,14,False,False,346.0,2403.9179138321997,19.0,1,0,5.0,32.8,4.333333333333333,0.0,1,0,1
A-117171,Company_135,HealthTech,FR,2024-09-12,organic,Basic,45,False,True,208.0,2840.6933333333336,11.0,1,1,6.0,32.5,3.6666666666666665,1.0,1,1,1
A-313be3,Company_136,EdTech,US,2023-11-15,partner,Enterprise,47,True,False,560.0,3048.738311688312,40.0,0,1,4.0,22.5,5.0,1.0,1,0,0
A-671f31,Company_137,DevTools,US,2024-11-24,ads,Basic,59,False,False,167.0,2226.52,16.0,1,1,7.0,33.0,4.2,0.0,0,0,1
A-bbc346,Company_138,FinTech,US,2024-08-29,partner,Enterprise,19,False,False,650.0,3022.0585164835165,37.0,0,1,3.0,45.333333333333336,4.5,0.0,1,0,0
A-c16101,Company_139,EdTech,IN,2024-09-06,other,Basic,7,False,False,561.0,3483.835357142857,29.0,0,0,4.0,28.0,5.0,1.0,1,0,0
A-50f3f7,Company_140,HealthTech,US,2023-12-22,partner,Basic,31,False,True,685.0,2760.4911111111114,45.0,0,1,6.0,37.833333333333336,5.0,1.0,0,0,1
A-7da956,Company_141,Cybersecurity,US,2024-06-02,event,Pro,13,True,False,543.0,3102.6770833333335,35.0,0,0,3.0,32.666666666666664,5.0,0.0,0,0,0
A-019782,Company_142,DevTools,FR,2023-04-19,event,Enterprise,11,False,False,562.0,2759.200352733686,30.0,0,0,2.0,10.0,3.0,0.0,0,1,0
A-df10db,Company_143,DevTools,US,2023-06-06,other,Enterprise,2,True,False,697.0,3253.9925324675323,40.0,0,0,2.0,68.5,3.0,1.0,1,1,0
A-3932db,Company_144,HealthTech,CA,2023-10-04,other,Pro,19,True,True,434.0,2893.37266313933,28.0,1,1,6.0,41.0,4.333333333333333,0.0,0,0,1
A-4f18f0,Company_145,DevTools,CA,2024-04-21,other,Pro,24,True,False,544.0,3233.9708333333333,25.0,0,1,5.0,39.2,4.0,0.0,1,0,1
A-4c6f11,Company_146,FinTech,CA,2023-11-27,organic,Pro,24,True,True,268.0,3758.9533333333334,4.0,1,1,3.0,44.666666666666664,4.333333333333333,0.0,1,0,0
A-8ae05d,Company_147,FinTech,IN,2024-04-06,other,Enterprise,86,False,False,203.0,4143.130952380952,10.0,1,1,1.0,47.0,4.0,0.0,1,0,0
A-b78bf8,Company_148,DevTools,US,2024-11-15,event,Pro,33,False,False,421.0,3066.751488095238,11.0,1,1,5.0,24.2,4.2,0.0,1,0,1
A-eafc6e,Company_149,DevTools,US,2023-07-06,partner,Pro,27,False,True,300.0,2714.5904761904762,15.0,1,1,1.0,64.0,4.0,0.0,1,0,0
A-37f969,Company_150,HealthTech,IN,2023-10-14,partner,Enterprise,30,False,False,312.0,3227.092261904762,14.0,1,1,5.0,22.2,3.6666666666666665,1.0,1,1,1
A-10b8f2,Company_151,HealthTech,DE,2023-01-11,organic,Basic,47,True,False,560.0,2918.6,23.0,0,1,3.0,46.333333333333336,4.333333333333333,0.0,1,0,0
A-439b2f,Company_152,DevTools,US,2024-02-21,ads,Enterprise,1,False,True,171.0,3043.1444444444446,5.0,1,0,3.0,18.333333333333332,4.0,0.0,1,0,0
A-544d0a,Company_153,DevTools,US,2024-05-02,organic,Basic,2,True,False,510.0,3229.615031265031,22.0,0,0,2.0,38.5,4.0,1.0,0,0,0
A-ba6516,Company_154,FinTech,US,2023-10-29,ads,Pro,27,False,False,642.0,3536.9259259259256,32.0,0,1,6.0,31.5,4.0,0.0,1,0,1
A-712426,Company_155,HealthTech,US,2024-11-10,other,Enterprise,9,False,False,696.0,3214.710430839002,31.0,0,0,6.0,37.333333333333336,4.4,0.0,1,0,1
A-038089,Company_156,DevTools,FR,2023-12-19,other,Pro,5,False,True,210.0,3344.537037037037,15.0,1,0,6.0,30.166666666666668,3.6666666666666665,0.0,1,1,1
A-afa505,Company_157,DevTools,US,2023-12-27,partner,Basic,70,True,False,507.0,3157.364197530864,28.0,0,1,4.0,37.25,3.0,1.0,1,1,0
A-d5a319,Company_158,FinTech,US,2023-05-04,other,Enterprise,15,False,True,604.0,3482.1541666666667,43.0,0,0,1.0,17.0,4.0,1.0,0,0,0
A-f97b9a,Company_159,FinTech,US,2023-07-09,event,Pro,16,False,False,561.0,3042.041486291486,33.0,0,1,7.0,31.714285714285715,3.6666666666666665,0.0,0,1,1
A-2f6a32,Company_160,HealthTech,US,2024-08-26,organic,Basic,19,False,False,654.0,3150.4587301587303,46.0,0,1,2.0,41.0,3.5,0.0,0,1,0
A-856b1e,Company_161,FinTech,US,2023-10-31,partner,Basic,19,False,False,230.0,2682.374603174603,24.0,1,1,5.0,36.0,4.0,1.0,0,0,1
A-17939a,Company_162,HealthTech,US,2024-12-26,organic,Basic,1,False,False,440.0,2664.9549783549783,43.0,1,0,7.0,38.0,4.5,0.0,0,0,1
A-d27f50,Company_163,Cybersecurity,UK,2024-07-20,ads,Enterprise,44,False,False,481.0,3315.1058531746035,31.0,1,1,4.0,37.5,3.75,0.0,0,1,0
A-e36807,Company_164,EdTech,AU,2024-05-17,other,Pro,6,False,False,446.0,2986.711666666667,27.0,1,0,2.0,41.0,4.5,0.0,0,0,0
A-ff79f2,Company_165,DevTools,US,2024-04-25,ads,Basic,8,False,True,393.0,3460.964814814815,12.0,1,0,2.0,50.0,4.0,0.0,0,0,0
A-5b1bcd,Company_166,DevTools,US,2023-09-16,organic,Pro,73,False,False,869.0,2939.9241534391535,54.0,0,1,4.0,43.25,4.5,0.0,1,0,0
A-71615e,Company_167,EdTech,US,2024-05-18,organic,Basic,15,False,False,620.0,3170.135989010989,41.0,0,0,1.0,49.0,4.0,0.0,1,0,0
A-794a0b,Company_168,HealthTech,DE,2023-06-02,organic,Basic,23,False,False,347.0,2413.5285714285715,31.0,1,1,0.0,0.0,4.0,0.0,1,0,0
A-86902e,Company_169,HealthTech,IN,2023-05-02,other,Enterprise,34,False,False,628.0,3161.2077777777777,36.0,0,1,9.0,40.888888888888886,3.5,0.0,1,1,1
A-0532a9,Company_170,FinTech,IN,2024-09-25,event,Pro,19,False,False,519.0,2920.1130952380954,30.0,0,1,8.0,30.75,3.0,0.0,1,1,1
A-9779ad,Company_171,Cybersecurity,AU,2024-03-29,event,Pro,40,True,True,413.0,2489.6511904761905,25.0,1,1,3.0,20.666666666666668,5.0,0.0,1,0,0
A-f45426,Company_172,HealthTech,US,2024-08-05,organic,Basic,9,False,False,624.0,3264.4577922077924,49.0,0,0,3.0,17.0,4.0,0.0,1,0,0
A-c1e51e,Company_173,FinTech,US,2024-10-02,organic,Basic,3,False,False,518.0,3237.6005555555557,36.0,0,0,5.0,40.0,3.2,0.0,1,1,1
A-fa3095,Company_174,FinTech,US,2023-09-03,ads,Basic,70,False,False,600.0,3578.799206349206,42.0,0,1,5.0,49.2,5.0,0.0,1,0,1
A-ad64c6,Company_175,DevTools,UK,2024-02-23,event,Pro,12,False,False,215.0,3480.0619047619048,18.0,1,0,4.0,34.0,5.0,0.0,1,0,0
A-39b19f,Company_176,FinTech,US,2023-02-03,partner,Enterprise,1,False,False,530.0,2466.1257575757572,37.0,0,0,6.0,47.833333333333336,4.25,1.0,1,0,1
A-56962b,Company_177,EdTech,UK,2024-04-09,partner,Enterprise,163,False,False,271.0,2885.5309523809524,25.0,1,1,4.0,37.5,3.0,0.0,1,1,0
A-e60f9d,Company_178,FinTech,US,2024-08-26,other,Basic,29,False,False,629.0,2456.007037037037,24.0,0,1,2.0,70.5,4.0,0.0,0,0,0
A-88c6ca,Company_179,FinTech,DE,2024-10-25,ads,Basic,5,False,True,446.0,3291.6761904761906,19.0,1,0,1.0,56.0,4.0,0.0,0,0,0
A-158f4e,Company_180,FinTech,IN,2023-03-03,other,Enterprise,61,False,False,453.0,2550.269246031746,29.0,1,1,5.0,27.6,4.333333333333333,0.0,1,0,1
A-5b051a,Company_181,Cybersecurity,US,2024-08-05,event,Enterprise,22,False,False,171.0,3163.1636904761904,17.0,1,1,1.0,2.0,3.0,0.0,0,1,0
A-296d7c,Company_182,DevTools,DE,2023-11-08,other,Enterprise,2,False,False,357.0,3874.1547619047624,18.0,1,0,5.0,50.4,3.75,0.0,1,1,1
A-1619f8,Company_183,DevTools,US,2024-05-20,organic,Pro,29,False,False,432.0,3346.4285714285716,26.0,1,1,3.0,42.0,5.0,0.0,1,0,0
A-a1b80b,Company_184,HealthTech,US,2023-11-27,organic,Basic,16,False,False,749.0,3207.9651785714286,48.0,0,1,4.0,41.0,4.0,0.0,1,0,0
A-139c3b,Company_185,HealthTech,US,2024-11-21,organic,Enterprise,10,True,True,478.0,3238.974107142857,16.0,1,0,9.0,28.444444444444443,4.5,0.0,0,0,1
A-702032,Company_186,HealthTech,US,2023-10-03,ads,Pro,28,False,False,285.0,3638.055555555555,15.0,1,1,4.0,26.0,3.0,0.0,1,1,0
A-7a0d69,Company_187,DevTools,DE,2024-06-15,ads,Enterprise,4,True,True,606.0,3197.574370326643,31.0,0,0,2.0,29.0,5.0,0.0,1,0,0
A-22d9d2,Company_188,DevTools,FR,2024-03-22,event,Pro,8,False,False,782.0,3124.961904761905,43.0,0,0,6.0,16.0,4.0,1.0,1,0,1
A-b9eed8,Company_189,Cybersecurity,US,2024-02-23,organic,Basic,11,False,False,623.0,2866.4500000000003,55.0,0,0,5.0,29.2,3.75,1.0,1,1,1
A-dfbd31,Company_190,DevTools,UK,2023-12-04,partner,Enterprise,14,False,False,599.0,3359.3647959183677,19.0,0,0,6.0,29.666666666666668,4.25,0.0,1,0,1
A-8e47ca,Company_191,HealthTech,US,2024-02-15,organic,Pro,19,False,False,441.0,3008.733950617284,35.0,1,1,5.0,33.4,4.0,1.0,1,0,1
A-4437e4,Company_192,Cybersecurity,US,2023-09-16,event,Enterprise,3,False,False,806.0,3185.5569196428573,43.0,0,0,6.0,34.666666666666664,3.0,2.0,1,1,1
A-779e4e,Company_193,HealthTech,US,2023-01-02,organic,Basic,5,False,False,393.0,2778.4961904761903,20.0,1,0,5.0,26.6,4.0,0.0,0,0,1
A-53f4e3,Company_194,Cybersecurity,UK,2024-06-14,event,Enterprise,13,False,False,410.0,2963.9083333333338,45.0,1,0,5.0,28.6,4.0,0.0,1,0,1
A-692f18,Company_195,EdTech,US,2024-03-28,other,Basic,5,True,True,871.0,3044.981862745098,55.0,0,0,2.0,37.5,5.0,0.0,1,0,0
A-13466a,Company_196,DevTools,AU,2023-10-22,event,Basic,2,False,True,205.0,2140.625,14.0,1,0,3.0,32.333333333333336,4.333333333333333,1.0,1,0,0
A-1986ca,Company_197,HealthTech,IN,2023-01-30,ads,Pro,20,False,False,362.0,2991.023469387755,23.0,1,1,7.0,36.57142857142857,3.4,0.0,0,1,1
A-0cc442,Company_198,EdTech,US,2024-07-18,organic,Basic,45,False,False,765.0,3058.492307692308,41.0,0,1,3.0,37.0,3.0,0.0,1,1,0
A-c608c8,Company_199,DevTools,DE,2023-04-27,ads,Pro,3,False,True,445.0,3255.8980654761904,27.0,1,0,2.0,59.0,3.0,0.0,1,1,0
A-3be56b,Company_200,HealthTech,IN,2023-10-26,event,Pro,3,False,True,528.0,3028.384226190476,33.0,0,0,4.0,40.25,3.5,0.0,1,1,0
A-354f12,Company_201,FinTech,US,2024-04-28,ads,Pro,1,True,False,158.0,3061.2458333333334,3.0,1,0,2.0,56.5,4.0,0.0,1,0,0
A-68f37c,Company_202,HealthTech,US,2023-07-15,ads,Basic,4,False,False,624.0,2898.640007215007,40.0,0,0,5.0,20.2,4.0,0.0,1,0,1
A-aa9511,Company_203,DevTools,US,2023-10-10,other,Pro,23,True,False,625.0,2978.4725396825397,35.0,0,1,2.0,56.5,4.0,0.0,1,0,0
A-af0cd2,Company_204,Cybersecurity,IN,2023-01-03,other,Enterprise,19,True,False,687.0,3189.2858585858585,33.0,0,1,3.0,54.333333333333336,4.0,0.0,1,0,0
A-bd4513,Company_205,DevTools,AU,2024-11-06,event,Enterprise,50,True,False,507.0,3206.6666666666665,34.0,0,1,3.0,42.0,4.666666666666667,0.0,1,0,0
A-c222ab,Company_206,Cybersecurity,US,2024-05-10,other,Pro,32,False,True,435.0,3016.5066893424037,33.0,1,1,4.0,39.0,5.0,0.0,1,0,0
A-34d880,Company_207,Cybersecurity,AU,2024-04-11,ads,Enterprise,4,False,False,474.0,3075.16164021164,40.0,1,0,5.0,52.2,3.0,0.0,1,1,1
A-508199,Company_208,FinTech,AU,2024-01-28,event,Basic,19,False,False,231.0,3121.5095238095237,15.0,1,1,3.0,50.666666666666664,3.0,0.0,0,1,0
A-f03140,Company_209,DevTools,IN,2023-11-22,event,Pro,27,True,False,595.0,3553.229184704185,22.0,0,1,7.0,36.0,3.6666666666666665,0.0,1,1,1
A-410e86,Company_210,FinTech,US,2024-11-10,organic,Basic,24,False,False,292.0,3560.9904761904763,21.0,1,1,5.0,42.6,3.5,0.0,0,1,1
A-fa2041,Company_211,HealthTech,US,2024-05-29,organic,Pro,15,True,False,552.0,2590.349107142857,34.0,0,0,1.0,16.0,3.0,0.0,1,1,0
A-de58ca,Company_212,HealthTech,DE,2023-04-13,organic,Enterprise,15,False,False,505.0,3116.1472943722943,33.0,0,0,5.0,30.6,3.3333333333333335,0.0,0,1,1
A-05d3b3,Company_213,DevTools,AU,2023-05-28,ads,Basic,9,True,False,642.0,2938.620512820513,22.0,0,0,6.0,31.5,4.333333333333333,0.0,1,0,1
A-249769,Company_214,Cybersecurity,US,2024-04-25,event,Enterprise,4,False,True,678.0,2842.8249084249082,30.0,0,0,2.0,39.5,4.0,0.0,1,0,0
A-e43bf7,Company_215,Cybersecurity,AU,2023-03-24,other,Pro,44,False,False,371.0,2534.89126984127,35.0,1,1,5.0,27.4,4.0,1.0,1,0,1
A-eb2fdc,Company_216,DevTools,AU,2023-11-21,organic,Enterprise,31,False,True,547.0,3329.5254960317457,17.0,0,1,5.0,33.6,4.5,0.0,1,0,1
A-e1462e,Company_217,FinTech,UK,2023-03-12,partner,Basic,15,False,False,347.0,2835.5666666666666,22.0,1,0,2.0,39.5,3.5,0.0,1,1,0
A-cab532,Company_218,DevTools,FR,2023-04-03,organic,Pro,11,True,False,1005.0,2572.6292857142857,47.0,0,0,1.0,32.0,4.0,0.0,1,0,0
A-9123ac,Company_219,Cybersecurity,DE,2023-06-20,organic,Pro,9,False,False,386.0,3474.842857142857,24.0,1,0,6.0,38.833333333333336,4.2,0.0,1,0,1
A-6e08f3,Company_220,Cybersecurity,US,2023-02-27,event,Basic,8,False,False,492.0,3154.0641666666666,21.0,1,0,2.0,36.5,3.5,0.0,1,1,0
A-d922bf,Company_221,HealthTech,US,2023-09-08,ads,Basic,5,True,True,419.0,3342.4309523809525,19.0,1,0,7.0,39.142857142857146,3.3333333333333335,1.0,1,1,1
A-8ed5dd,Company_222,EdTech,UK,2023-06-29,event,Enterprise,5,False,True,545.0,3190.9857864357864,45.0,0,0,6.0,29.0,3.75,0.0,1,1,1
A-7c6b6b,Company_223,FinTech,US,2024-11-30,other,Basic,6,False,False,311.0,2437.9569160997735,24.0,1,0,5.0,52.2,4.333333333333333,0.0,1,0,1
A-3c1a3f,Company_224,DevTools,UK,2023-08-26,event,Pro,1,False,False,497.0,3215.8583333333336,22.0,1,0,4.0,33.25,3.5,0.0,0,1,0
A-b48f73,Company_225,EdTech,AU,2024-11-13,event,Pro,80,True,False,412.0,2753.4670068027212,23.0,1,1,3.0,28.666666666666668,4.0,0.0,0,0,0
A-76fa4d,Company_226,HealthTech,US,2024-11-24,event,Pro,69,False,False,357.0,3865.372448979592,21.0,1,1,5.0,33.4,4.5,0.0,1,0,1
A-b2af2e,Company_227,Cybersecurity,UK,2024-08-24,event,Enterprise,5,False,False,174.0,3287.8020833333335,11.0,1,0,2.0,39.5,4.0,0.0,1,0,0
A-9bfc9f,Company_228,DevTools,CA,2023-09-14,ads,Pro,53,False,False,376.0,3112.2420634920636,18.0,1,1,6.0,35.333333333333336,3.3333333333333335,1.0,0,1,1
A-4ae22a,Company_229,EdTech,US,2024-05-09,other,Pro,6,False,True,369.0,3955.204931972789,31.0,1,0,3.0,14.333333333333334,3.0,0.0,1,1,0
A-fda07f,Company_230,Cybersecurity,FR,2024-08-11,partner,Basic,7,False,False,681.0,3541.6111111111113,39.0,0,0,5.0,17.8,4.0,0.0,1,0,1
A-de24d5,Company_231,DevTools,US,2024-11-05,other,Enterprise,5,True,False,537.0,2364.4555555555557,28.0,0,0,7.0,43.142857142857146,3.0,0.0,0,1,1
A-977ca0,Company_232,HealthTech,IN,2023-02-20,partner,Basic,6,False,True,893.0,2894.006994047619,46.0,0,0,3.0,64.0,4.0,0.0,0,0,0
A-ab438f,Company_233,Cybersecurity,US,2024-09-13,ads,Enterprise,13,False,True,369.0,3277.7590773809525,12.0,1,0,2.0,33.5,3.5,0.0,1,1,0
A-e89151,Company_234,FinTech,UK,2023-09-14,organic,Pro,8,True,True,601.0,3228.8843915343914,29.0,0,0,2.0,41.5,5.0,0.0,0,0,0
A-40906c,Company_235,EdTech,US,2024-03-27,ads,Basic,92,False,False,685.0,3363.0656746031746,32.0,0,1,5.0,29.2,3.75,0.0,0,1,1
A-81edc3,Company_236,Cybersecurity,IN,2023-10-30,ads,Basic,5,False,False,765.0,3311.2346921596923,41.0,0,0,3.0,52.666666666666664,4.0,0.0,1,0,0
A-328bd0,Company_237,HealthTech,AU,2023-05-16,partner,Enterprise,18,False,False,568.0,2635.9897435897437,49.0,0,1,5.0,46.0,3.6666666666666665,0.0,0,1,1
A-b3fe05,Company_238,Cybersecurity,CA,2024-05-28,partner,Pro,8,False,False,438.0,3449.0873015873017,18.0,1,0,4.0,48.25,3.0,0.0,0,1,0
A-09540c,Company_239,Cybersecurity,CA,2023-10-30,event,Basic,67,True,False,297.0,3571.941666666667,16.0,1,1,2.0,28.0,4.5,0.0,1,0,0
A-e693b6,Company_240,FinTech,AU,2023-05-25,event,Enterprise,55,False,True,681.0,3420.919378306878,25.0,0,1,1.0,1.0,3.0,0.0,1,1,0
A-2446e3,Company_241,EdTech,IN,2024-01-10,organic,Pro,27,False,False,496.0,3184.8875695732836,32.0,1,1,3.0,28.666666666666668,4.0,0.0,1,0,0
A-241e75,Company_242,EdTech,US,2024-07-03,partner,Enterprise,3,False,False,266.0,3610.663492063492,20.0,1,0,4.0,31.5,4.5,0.0,1,0,0
A-922109,Company_243,Cybersecurity,US,2024-01-26,ads,Pro,3,False,False,819.0,3396.0372100122104,34.0,0,0,3.0,25.333333333333332,3.0,0.0,1,1,0
A-ff3c73,Company_244,HealthTech,AU,2023-01-26,other,Pro,21,False,False,408.0,3376.5338624338624,23.0,1,1,2.0,35.5,3.5,0.0,1,1,0
A-8b0451,Company_245,FinTech,UK,2024-09-16,event,Enterprise,41,False,False,606.0,3099.5212698412697,45.0,0,1,7.0,26.571428571428573,3.5,0.0,1,1,1
A-331424,Company_246,DevTools,US,2023-11-06,organic,Basic,11,False,False,214.0,3807.8333333333335,9.0,1,0,2.0,24.5,4.0,0.0,1,0,0
A-51ec1b,Company_247,DevTools,US,2023-11-08,ads,Enterprise,7,False,False,283.0,3821.6203703703704,12.0,1,0,3.0,52.333333333333336,5.0,1.0,1,0,0
A-bcf664,Company_248,DevTools,US,2023-05-19,other,Pro,5,False,False,575.0,3387.073443223443,28.0,0,0,5.0,36.0,4.0,1.0,1,0,1
A-90a8c8,Company_249,FinTech,AU,2024-08-24,organic,Pro,15,False,False,404.0,2998.0280612244896,20.0,1,0,4.0,45.0,3.25,0.0,1,1,0
A-86cdb4,Company_250,DevTools,DE,2024-09-22,partner,Basic,2,False,False,492.0,3337.8931216931214,24.0,1,0,5.0,26.4,4.333333333333333,0.0,0,0,1
A-4bfa33,Company_251,Cybersecurity,US,2024-12-07,event,Basic,8,True,False,329.0,2323.401700680272,17.0,1,0,4.0,16.5,3.6666666666666665,0.0,1,1,0
A-dbc825,Company_252,EdTech,FR,2024-01-07,partner,Enterprise,19,False,False,730.0,3061.6944444444443,58.0,0,1,6.0,49.5,4.0,1.0,1,0,1
A-c70870,Company_253,Cybersecurity,US,2024-10-22,partner,Basic,31,False,False,334.0,2969.078741496599,18.0,1,1,5.0,35.6,4.0,0.0,1,0,1
A-7c4956,Company_254,DevTools,US,2023-05-06,ads,Enterprise,5,False,True,475.0,2610.7418154761904,40.0,1,0,3.0,13.666666666666666,4.0,0.0,0,0,0
A-0651a4,Company_255,HealthTech,FR,2024-10-16,organic,Pro,16,False,False,705.0,3057.592857142857,37.0,0,1,4.0,29.25,4.0,0.0,1,0,0
A-3ce5b8,Company_256,FinTech,IN,2023-09-07,ads,Basic,8,False,True,509.0,2965.4772486772486,29.0,0,0,10.0,42.5,3.7142857142857144,0.0,1,1,1
A-bd4708,Company_257,FinTech,US,2024-07-21,ads,Pro,37,True,False,653.0,3164.330677655678,30.0,0,1,4.0,24.0,3.5,0.0,0,1,0
A-993085,Company_258,HealthTech,US,2023-06-01,ads,Basic,31,True,False,665.0,2848.9857936507933,50.0,0,1,4.0,46.5,3.5,0.0,1,1,0
A-92a3af,Company_259,Cybersecurity,IN,2024-07-07,organic,Enterprise,25,False,False,714.0,3192.785353535354,55.0,0,1,4.0,57.5,4.0,1.0,0,0,0
A-151c9a,Company_260,FinTech,US,2023-01-27,ads,Enterprise,23,False,False,366.0,3566.5428571428574,14.0,1,1,2.0,31.0,3.5,0.0,1,1,0
A-474ad4,Company_261,EdTech,US,2023-11-28,organic,Basic,8,False,False,605.0,2983.103888888889,45.0,0,0,3.0,33.0,5.0,1.0,0,0,0
A-4ef964,Company_262,HealthTech,US,2024-03-07,organic,Pro,17,False,False,487.0,2908.726851851852,33.0,1,1,3.0,42.666666666666664,4.0,0.0,1,0,0
A-fd9422,Company_263,Cybersecurity,US,2024-04-04,organic,Pro,58,False,False,456.0,3508.254882154882,21.0,1,1,6.0,44.333333333333336,3.5,1.0,0,1,1
A-0baac2,Company_264,FinTech,DE,2024-05-30,organic,Enterprise,14,False,True,202.0,3393.194444444445,9.0,1,0,6.0,43.5,4.333333333333333,0.0,1,0,1
A-bb1486,Company_265,HealthTech,US,2024-11-05,organic,Basic,41,False,False,405.0,2833.6854166666667,36.0,1,1,3.0,11.0,3.0,0.0,1,1,0
A-560d27,Company_266,DevTools,US,2024-05-05,organic,Pro,23,False,False,587.0,3054.8336309523806,38.0,0,1,4.0,30.75,3.6666666666666665,0.0,0,1,0
A-0b0d6d,Company_267,DevTools,US,2024-12-30,organic,Pro,3,False,False,582.0,2605.715811965812,48.0,0,0,5.0,31.4,4.0,1.0,1,0,1
A-2789e3,Company_268,FinTech,US,2024-09-14,partner,Enterprise,11,False,False,680.0,3199.806150793651,45.0,0,0,4.0,47.25,4.0,0.0,0,0,0
A-b07346,Company_269,HealthTech,US,2024-10-10,partner,Pro,51,False,True,326.0,3085.225,22.0,1,1,3.0,42.333333333333336,3.5,0.0,1,1,0
A-902ef7,Company_270,HealthTech,US,2024-09-03,other,Enterprise,83,False,True,414.0,3900.2833333333333,24.0,1,1,2.0,48.5,4.0,0.0,1,0,0
A-20736a,Company_271,EdTech,IN,2024-03-16,organic,Enterprise,50,False,False,430.0,2560.9929705215422,22.0,1,1,4.0,42.25,3.75,0.0,1,1,0
A-e4bf56,Company_272,HealthTech,IN,2024-10-28,ads,Pro,17,False,True,339.0,3468.1154761904763,10.0,1,1,8.0,29.125,3.6666666666666665,0.0,0,1,1
A-cea1f0,Company_273,FinTech,US,2024-04-07,event,Pro,8,False,True,586.0,2828.5614285714287,28.0,0,0,5.0,42.2,4.333333333333333,0.0,0,0,1
A-ef84cf,Company_274,EdTech,US,2024-03-01,partner,Enterprise,8,False,False,309.0,3541.9333333333334,11.0,1,0,5.0,34.8,4.333333333333333,1.0,1,0,1
A-d49cc5,Company_275,Cybersecurity,FR,2023-09-19,event,Basic,50,False,False,436.0,3428.0476190476193,34.0,1,1,4.0,32.0,4.5,0.0,1,0,0
A-67be94,Company_276,EdTech,US,2023-04-04,organic,Enterprise,26,False,False,416.0,3043.115079365079,17.0,1,1,5.0,38.6,4.0,0.0,1,0,1
A-4e960a,Company_277,FinTech,US,2024-01-17,other,Enterprise,12,True,True,512.0,2900.529761904762,21.0,0,0,6.0,29.166666666666668,4.0,0.0,0,0,1
A-c37cab,Company_278,Cybersecurity,UK,2024-07-29,event,Pro,13,False,False,708.0,2738.9109126984126,40.0,0,0,4.0,33.0,3.75,1.0,1,1,0
A-533452,Company_279,DevTools,AU,2024-11-12,organic,Pro,9,False,False,595.0,2654.311471861472,44.0,0,0,4.0,32.75,4.0,0.0,1,0,0
A-443b7c,Company_280,Cybersecurity,US,2024-09-06,other,Enterprise,1,False,True,618.0,2928.0324404761905,29.0,0,0,8.0,29.25,4.4,0.0,0,0,1
A-1f7acb,Company_281,FinTech,UK,2023-08-06,ads,Basic,64,True,False,510.0,3132.1667582417585,47.0,0,1,7.0,41.714285714285715,4.4,0.0,0,0,1
A-f51f16,Company_282,HealthTech,US,2023-12-25,partner,Enterprise,1,False,False,384.0,3729.061011904762,28.0,1,0,4.0,29.25,3.0,0.0,1,1,0
A-5a3eb9,Company_283,DevTools,CA,2023-08-20,other,Enterprise,18,True,False,722.0,3199.5520146520143,34.0,0,1,3.0,24.0,4.0,0.0,1,0,0
A-5f2961,Company_284,HealthTech,US,2024-11-22,partner,Basic,4,False,False,348.0,3023.566893424036,19.0,1,0,1.0,53.0,4.0,0.0,1,0,0
A-417d2f,Company_285,Cybersecurity,IN,2023-07-04,partner,Pro,4,True,False,722.0,2762.562400793651,31.0,0,0,6.0,43.5,4.333333333333333,0.0,1,0,1
A-e98302,Company_286,EdTech,US,2023-12-26,ads,Enterprise,16,True,False,273.0,2797.625,18.0,1,1,9.0,44.44444444444444,4.142857142857143,0.0,0,0,1
A-8bde0c,Company_287,DevTools,US,2024-11-04,organic,Basic,12,False,False,773.0,2963.8958553791886,43.0,0,0,3.0,25.666666666666668,4.0,0.0,1,0,0
A-bcf87c,Company_288,FinTech,US,2024-06-27,event,Pro,10,False,True,503.0,2730.443939393939,19.0,0,0,2.0,63.0,4.0,0.0,0,0,0
A-54ecc2,Company_289,Cybersecurity,US,2023-06-11,partner,Enterprise,4,False,False,607.0,3250.8901515151515,39.0,0,0,5.0,37.4,5.0,0.0,1,0,1
A-625d0b,Company_290,EdTech,AU,2024-09-02,ads,Basic,9,False,False,529.0,2639.5386002886003,38.0,0,0,5.0,48.4,3.0,0.0,0,1,1
A-fce879,Company_291,EdTech,UK,2024-09-24,partner,Pro,10,True,True,299.0,3712.808571428571,14.0,1,0,2.0,28.0,4.0,0.0,1,0,0
A-b07b56,Company_292,DevTools,US,2024-11-08,event,Pro,25,False,True,633.0,2865.500952380952,39.0,0,1,4.0,31.25,3.0,0.0,1,1,0
A-6da850,Company_293,FinTech,IN,2023-10-07,organic,Pro,5,False,False,714.0,2767.666952838828,54.0,0,0,5.0,49.0,4.0,0.0,1,0,1
A-342303,Company_294,EdTech,US,2024-03-16,other,Pro,1,True,False,141.0,1251.0,5.0,1,0,3.0,29.333333333333332,4.5,0.0,1,0,0
A-e7a1e2,Company_295,Cybersecurity,US,2024-06-23,event,Enterprise,3,False,False,703.0,3189.016774891775,36.0,0,0,1.0,45.0,4.0,0.0,1,0,0
A-f1f639,Company_296,EdTech,US,2023-02-26,ads,Basic,2,False,False,139.0,3251.6375,10.0,1,0,7.0,20.0,4.8,0.0,1,0,1
A-a865bd,Company_297,Cybersecurity,US,2023-09-19,organic,Pro,38,False,False,230.0,2775.57,13.0,1,1,2.0,31.5,3.0,0.0,1,1,0
A-4e631b,Company_298,FinTech,US,2024-03-16,other,Enterprise,22,False,False,502.0,3015.1928571428575,29.0,0,1,2.0,24.5,4.0,0.0,0,0,0
A-7f6b86,Company_299,HealthTech,US,2023-08-24,partner,Basic,45,True,True,420.0,3491.021825396825,14.0,1,1,7.0,40.42857142857143,3.6666666666666665,0.0,1,1,1
A-8adedc,Company_300,EdTech,US,2024-02-11,event,Basic,4,True,True,583.0,2654.916483516484,33.0,0,0,4.0,49.25,4.0,0.0,0,0,0
A-2edab2,Company_301,HealthTech,US,2023-11-17,event,Enterprise,17,False,False,487.0,3639.829603174603,26.0,1,1,4.0,30.0,3.0,0.0,1,1,0
A-149a69,Company_302,DevTools,US,2024-10-17,event,Basic,34,False,False,208.0,3358.4857142857145,9.0,1,1,8.0,33.875,4.2,0.0,1,0,1
A-a6d261,Company_303,FinTech,CA,2023-11-29,other,Pro,9,False,False,627.0,3113.158116883117,29.0,0,0,4.0,40.0,4.666666666666667,1.0,1,0,0
A-443f6f,Company_304,Cybersecurity,US,2024-12-07,organic,Basic,19,False,False,527.0,2609.5037999038,28.0,0,1,4.0,28.0,4.666666666666667,0.0,0,0,0
A-202b67,Company_305,HealthTech,US,2024-03-22,organic,Pro,11,False,False,447.0,2343.735416666667,40.0,1,0,4.0,36.75,4.666666666666667,0.0,1,0,0
A-00bed1,Company_306,Cybersecurity,US,2023-11-14,ads,Basic,28,True,False,514.0,2748.7764285714284,27.0,0,1,4.0,31.75,4.0,0.0,1,0,0
A-ffc04f,Company_307,EdTech,US,2024-06-06,ads,Pro,13,False,False,857.0,3149.918888888889,64.0,0,0,7.0,17.714285714285715,4.5,1.0,1,0,1
A-65c341,Company_308,FinTech,US,2023-12-26,ads,Pro,11,True,False,410.0,3803.5467261904764,18.0,1,0,5.0,41.4,4.0,0.0,1,0,1
A-dcc2f0,Company_309,FinTech,UK,2023-07-22,organic,Basic,15,False,False,833.0,2952.3837301587305,26.0,0,0,2.0,27.0,4.0,0.0,1,0,0
A-ced9aa,Company_310,DevTools,US,2024-10-05,other,Enterprise,3,False,False,531.0,3067.5650432900434,39.0,0,0,7.0,28.857142857142858,3.0,0.0,0,1,1
A-3d957b,Company_311,HealthTech,UK,2024-04-04,other,Pro,14,False,False,143.0,2692.5,13.0,1,0,3.0,41.333333333333336,3.0,0.0,1,1,0
A-89ee83,Company_312,Cybersecurity,US,2024-10-04,organic,Pro,1,False,True,565.0,2835.3343434343437,26.0,0,0,5.0,21.8,4.0,1.0,0,0,1
A-883b7d,Company_313,Cybersecurity,IN,2024-03-28,other,Basic,17,False,False,644.0,3030.470932539683,40.0,0,1,7.0,25.571428571428573,3.6,1.0,0,1,1
A-dcc3f1,Company_314,HealthTech,US,2023-12-27,event,Pro,21,False,False,500.0,2963.4558035714285,32.0,0,1,9.0,35.666666666666664,3.8,0.0,1,1,1
A-c62e55,Company_315,EdTech,US,2023-02-08,partner,Basic,1,True,False,337.0,2923.340740740741,13.0,1,0,4.0,27.5,4.0,0.0,0,0,0
A-e4144b,Company_316,EdTech,UK,2024-10-22,other,Pro,41,False,False,439.0,3408.6341666666667,21.0,1,1,3.0,57.0,4.0,0.0,0,0,0
A-e40f45,Company_317,HealthTech,US,2024-04-18,organic,Pro,21,False,False,401.0,2681.045413316842,26.0,1,1,7.0,26.714285714285715,4.333333333333333,0.0,1,0,1
A-96215d,Company_318,FinTech,US,2024-08-08,event,Enterprise,10,False,False,347.0,3293.7738095238096,21.0,1,0,1.0,25.0,3.0,0.0,0,1,0
A-2b9d3e,Company_319,EdTech,US,2023-06-04,partner,Enterprise,1,False,False,444.0,3244.7035714285716,19.0,1,0,3.0,34.666666666666664,5.0,0.0,0,0,0
A-b7724f,Company_320,HealthTech,UK,2023-03-28,organic,Basic,1,False,False,380.0,2347.945833333333,16.0,1,0,3.0,28.666666666666668,3.0,0.0,1,1,0
A-310452,Company_321,DevTools,FR,2024-12-25,other,Enterprise,9,False,False,268.0,2657.58,16.0,1,0,5.0,34.2,3.6,0.0,1,1,1
A-eb1312,Company_322,FinTech,US,2024-09-16,partner,Pro,25,False,False,663.0,2790.4388227513227,38.0,0,1,1.0,68.0,5.0,0.0,1,0,0
A-df1e44,Company_323,Cybersecurity,UK,2024-02-23,organic,Enterprise,12,False,False,420.0,2734.311111111111,14.0,1,0,2.0,53.0,5.0,0.0,1,0,0
A-6a7c9d,Company_324,Cybersecurity,US,2024-10-24,organic,Enterprise,26,False,True,189.0,3365.4857142857145,6.0,1,1,3.0,34.333333333333336,4.0,0.0,1,0,0
A-cbd1a3,Company_325,DevTools,US,2024-11-25,other,Basic,6,False,True,465.0,2821.411904761905,32.0,1,0,4.0,34.5,4.0,0.0,0,0,0
A-a8d89d,Company_326,EdTech,US,2023-12-08,ads,Pro,13,False,False,551.0,3265.275462962963,26.0,0,0,2.0,44.5,5.0,0.0,1,0,0
A-600734,Company_327,DevTools,US,2023-11-14,organic,Pro,29,True,True,660.0,2808.1387362637365,30.0,0,1,7.0,52.57142857142857,3.6666666666666665,1.0,0,1,1
A-86fc1d,Company_328,DevTools,UK,2024-07-26,partner,Basic,26,False,False,363.0,3032.766666666667,26.0,1,1,5.0,27.0,4.0,0.0,1,0,1
A-78f02b,Company_329,HealthTech,US,2024-11-17,event,Enterprise,11,False,False,211.0,3047.975,16.0,1,0,4.0,45.75,4.0,0.0,1,0,0
A-acb7f7,Company_330,EdTech,US,2024-01-06,ads,Basic,32,False,False,612.0,3103.8118055555556,36.0,0,1,3.0,41.0,3.5,0.0,1,1,0
A-712f1c,Company_331,DevTools,US,2023-12-16,ads,Basic,17,False,True,631.0,2660.8217592592596,34.0,0,1,6.0,41.666666666666664,4.0,0.0,1,0,1
A-3793ee,Company_332,Cybersecurity,CA,2023-03-21,organic,Enterprise,49,True,False,352.0,2646.387244897959,11.0,1,1,4.0,43.75,4.0,0.0,1,0,0
A-9a532a,Company_333,HealthTech,US,2024-07-06,partner,Enterprise,11,False,False,185.0,3902.8,15.0,1,0,2.0,57.5,4.0,0.0,0,0,0
A-2ebb4b,Company_334,HealthTech,US,2023-05-15,ads,Basic,41,False,False,488.0,2951.17,33.0,1,1,2.0,43.5,3.0,0.0,1,1,0
A-6843f2,Company_335,HealthTech,CA,2024-12-10,ads,Enterprise,21,False,False,481.0,2851.204012345679,17.0,1,1,2.0,36.5,3.0,0.0,0,1,0
A-c9bb3e,Company_336,EdTech,US,2024-03-24,ads,Pro,5,False,False,474.0,3700.476190476191,20.0,1,0,7.0,27.714285714285715,4.2,1.0,1,0,1
A-4814a3,Company_337,Cybersecurity,IN,2024-09-17,event,Basic,87,False,True,587.0,2791.2315656565656,45.0,0,1,4.0,18.75,4.0,1.0,1,0,0
A-b7b7b7,Company_338,FinTech,US,2024-06-30,event,Basic,24,False,True,571.0,3038.7559523809523,26.0,0,1,3.0,17.0,5.0,0.0,0,0,0
A-ccc747,Company_339,HealthTech,FR,2024-01-12,event,Pro,16,False,True,284.0,3233.485119047619,13.0,1,1,4.0,32.25,5.0,1.0,1,0,0
A-bb3bd4,Company_340,HealthTech,US,2024-01-27,ads,Basic,23,False,False,315.0,2975.7999999999997,11.0,1,1,11.0,32.72727272727273,4.142857142857143,0.0,1,0,1
A-09316c,Company_341,FinTech,AU,2024-09-11,organic,Enterprise,70,False,False,566.0,2988.947655122655,31.0,0,1,4.0,54.75,3.75,1.0,1,1,0
A-96bbc6,Company_342,Cybersecurity,US,2024-05-07,organic,Enterprise,39,False,False,482.0,3061.3717261904762,25.0,1,1,3.0,51.333333333333336,3.3333333333333335,0.0,1,1,0
A-bc4d48,Company_343,EdTech,US,2024-06-12,ads,Pro,35,True,False,321.0,2729.333333333333,9.0,1,1,6.0,41.166666666666664,4.2,1.0,0,0,1
A-b30291,Company_344,HealthTech,US,2024-04-05,event,Basic,5,True,True,519.0,3449.5116666666668,31.0,0,0,1.0,16.0,4.0,0.0,1,0,0
A-cdf020,Company_345,DevTools,AU,2023-08-16,organic,Pro,23,False,False,379.0,3128.7802083333336,18.0,1,1,4.0,29.5,4.0,0.0,1,0,0
A-e6afc1,Company_346,DevTools,US,2023-02-24,ads,Pro,1,False,False,679.0,3004.788347763348,30.0,0,0,0.0,0.0,4.0,0.0,0,0,0
A-e3bd71,Company_347,Cybersecurity,US,2023-03-25,partner,Basic,31,False,False,638.0,2969.906565656566,27.0,0,1,4.0,30.25,4.0,0.0,1,0,0
A-b179bf,Company_348,Cybersecurity,IN,2024-10-27,ads,Basic,43,False,False,398.0,2800.25,18.0,1,1,6.0,24.666666666666668,4.0,0.0,1,0,1
A-098560,Company_349,DevTools,UK,2023-10-21,ads,Enterprise,1,False,True,567.0,2985.9648268398264,32.0,0,0,2.0,28.0,3.0,1.0,1,1,0
A-82861f,Company_350,DevTools,UK,2024-04-25,organic,Basic,41,False,False,462.0,2555.1745238095236,43.0,1,1,5.0,24.4,3.2,0.0,1,1,1
A-94c3cd,Company_351,FinTech,CA,2023-09-20,other,Enterprise,32,False,False,306.0,3305.411111111111,18.0,1,1,4.0,44.75,3.5,1.0,0,1,0
A-a33200,Company_352,HealthTech,US,2024-09-15,partner,Basic,29,False,False,517.0,2710.7779761904762,26.0,0,1,3.0,36.333333333333336,4.5,0.0,1,0,0
A-034368,Company_353,EdTech,US,2023-11-05,event,Enterprise,19,False,False,265.0,2873.0183333333334,25.0,1,1,5.0,41.2,4.0,0.0,1,0,1
A-b54c01,Company_354,DevTools,US,2024-09-29,event,Enterprise,29,False,False,226.0,2777.804761904762,17.0,1,1,5.0,42.6,3.0,0.0,1,1,1
A-d82ef9,Company_355,EdTech,UK,2024-07-02,other,Basic,26,False,True,679.0,2710.1501984126985,46.0,0,1,5.0,39.8,4.25,1.0,1,0,1
A-bb2f49,Company_356,Cybersecurity,US,2023-05-28,other,Pro,8,False,False,618.0,3260.470779220779,42.0,0,0,3.0,22.333333333333332,4.0,0.0,0,0,0
A-1f559b,Company_357,HealthTech,US,2023-09-04,organic,Enterprise,5,True,True,400.0,2765.458333333333,27.0,1,0,5.0,50.4,4.2,0.0,1,0,1
A-5a215a,Company_358,EdTech,FR,2024-01-05,other,Enterprise,87,False,False,807.0,3462.190476190476,71.0,0,1,4.0,29.5,4.0,0.0,0,0,0
A-3f9cc0,Company_359,HealthTech,US,2024-06-03,event,Basic,22,False,False,407.0,2547.3224489795916,24.0,1,1,5.0,34.8,4.5,1.0,1,0,1
A-f9cc74,Company_360,DevTools,FR,2024-10-12,partner,Enterprise,30,True,False,484.0,2733.6721428571427,22.0,1,1,6.0,49.833333333333336,4.0,0.0,0,0,1
A-ed510f,Company_361,Cybersecurity,IN,2023-01-17,partner,Basic,42,False,False,493.0,3203.3946428571426,28.0,1,1,9.0,44.55555555555556,4.0,0.0,1,0,1
A-5c9849,Company_362,EdTech,IN,2024-11-03,partner,Basic,19,False,False,473.0,3163.580654761905,23.0,1,1,4.0,59.5,4.0,1.0,1,0,0
A-a7bd4b,Company_363,Cybersecurity,US,2023-02-15,ads,Enterprise,5,False,False,576.0,2957.47132034632,37.0,0,0,6.0,36.833333333333336,3.25,0.0,1,1,1
A-d4ac0e,Company_364,DevTools,UK,2024-04-20,ads,Basic,18,False,False,793.0,2834.7967418546364,53.0,0,1,4.0,21.0,3.5,0.0,0,1,0
A-ffdfd5,Company_365,EdTech,US,2024-04-13,organic,Basic,3,False,True,529.0,2723.1321428571428,28.0,0,0,0.0,0.0,4.0,0.0,1,0,0
A-0dbdc6,Company_366,Cybersecurity,DE,2023-02-12,other,Pro,30,False,True,512.0,2820.250953984287,31.0,0,1,4.0,47.0,5.0,0.0,1,0,0
A-7cfe77,Company_367,DevTools,US,2024-07-10,ads,Pro,69,False,False,205.0,3053.4142857142856,11.0,1,1,7.0,30.714285714285715,3.5,0.0,1,1,1
A-1f0636,Company_368,EdTech,AU,2024-01-01,partner,Pro,105,False,False,685.0,2951.8766666666666,30.0,0,1,2.0,38.5,3.5,0.0,0,1,0
A-40de06,Company_369,Cybersecurity,US,2023-05-08,event,Enterprise,28,False,True,902.0,2940.5804811507937,43.0,0,1,3.0,40.333333333333336,4.0,0.0,0,0,0
A-cb5333,Company_370,DevTools,US,2024-03-26,ads,Pro,33,False,False,796.0,3144.4851190476193,34.0,0,1,4.0,30.75,3.0,0.0,1,1,0
A-309e54,Company_371,DevTools,US,2024-12-09,other,Pro,15,False,False,509.0,3305.595670995671,24.0,0,0,5.0,23.8,3.0,0.0,1,1,1
A-6e7827,Company_372,DevTools,US,2023-03-26,other,Basic,1,False,False,419.0,2883.6281746031746,31.0,1,0,2.0,51.0,3.5,0.0,1,1,0
A-50bb9f,Company_373,Cybersecurity,US,2024-07-12,organic,Pro,2,False,False,276.0,3808.352380952381,15.0,1,0,7.0,33.285714285714285,4.0,0.0,1,0,1
A-5fe118,Company_374,Cybersecurity,US,2024-11-07,other,Enterprise,39,False,False,233.0,2788.5533333333333,12.0,1,1,1.0,19.0,4.0,0.0,1,0,0
A-5247b3,Company_375,FinTech,UK,2024-03-12,partner,Pro,16,True,False,610.0,3093.4118215118215,29.0,0,1,5.0,45.8,4.0,0.0,1,0,1
A-f44180,Company_376,Cybersecurity,UK,2023-02-13,event,Pro,9,False,False,520.0,3122.6002164502165,22.0,0,0,2.0,46.5,5.0,0.0,1,0,0
A-c16cf7,Company_377,EdTech,US,2024-10-16,event,Pro,13,True,False,577.0,2632.0508333333337,26.0,0,0,3.0,48.333333333333336,3.5,0.0,1,1,0
A-d42431,Company_378,FinTech,FR,2024-06-09,ads,Enterprise,22,True,False,457.0,2859.8342592592594,34.0,1,1,4.0,24.25,4.0,0.0,1,0,0
A-6965e1,Company_379,DevTools,US,2024-11-25,organic,Basic,13,False,False,627.0,3088.51960978836,29.0,0,0,3.0,39.0,3.0,0.0,1,1,0
A-0354fe,Company_380,Cybersecurity,US,2024-10-22,other,Basic,34,False,False,463.0,3370.292857142857,30.0,1,1,4.0,20.0,4.0,0.0,1,0,0
A-0a62f5,Company_381,FinTech,UK,2024-09-11,partner,Pro,16,False,False,244.0,2828.150396825397,7.0,1,1,2.0,33.5,4.0,0.0,1,0,0
A-f5641b,Company_382,EdTech,US,2024-03-30,other,Pro,31,False,False,438.0,3424.0,18.0,1,1,4.0,47.5,3.0,1.0,1,1,0
A-b44e3e,Company_383,Cybersecurity,UK,2024-02-12,ads,Basic,40,False,False,387.0,3217.437074829932,13.0,1,1,3.0,40.0,4.333333333333333,0.0,1,0,0
A-3b37d9,Company_384,FinTech,US,2023-01-27,event,Enterprise,23,False,False,451.0,2921.4471655328794,21.0,1,1,5.0,36.0,4.5,0.0,1,0,1
A-54d94a,Company_385,Cybersecurity,IN,2023-05-01,event,Basic,27,False,False,582.0,3051.991558441558,28.0,0,1,4.0,53.75,3.5,0.0,0,1,0
A-7f29a7,Company_386,Cybersecurity,UK,2024-09-18,event,Basic,41,True,False,619.0,2915.2996392496393,38.0,0,1,1.0,24.0,4.0,0.0,1,0,0
A-089363,Company_387,FinTech,AU,2023-05-06,event,Basic,2,False,False,628.0,3303.5058390022677,33.0,0,0,3.0,35.0,3.6666666666666665,0.0,1,1,0
A-524364,Company_388,DevTools,FR,2024-12-31,partner,Enterprise,3,False,False,237.0,2720.7916666666665,24.0,1,0,3.0,47.666666666666664,4.333333333333333,0.0,0,0,0
A-855a48,Company_389,EdTech,US,2023-12-22,partner,Pro,14,True,False,448.0,3397.9630952380953,16.0,1,0,5.0,39.6,3.6666666666666665,0.0,1,1,1
A-756192,Company_390,FinTech,IN,2023-06-11,other,Basic,19,False,False,617.0,2912.7691666666665,43.0,0,1,3.0,37.333333333333336,4.0,0.0,0,0,0
A-49b828,Company_391,FinTech,IN,2023-05-05,ads,Pro,6,False,False,687.0,2959.2272959183674,45.0,0,0,3.0,13.666666666666666,3.5,1.0,0,1,0
A-c7ffc2,Company_392,Cybersecurity,US,2023-01-27,partner,Pro,30,True,False,640.0,3365.043452380952,28.0,0,1,2.0,64.0,3.0,0.0,1,1,0
A-751c58,Company_393,FinTech,UK,2024-07-18,organic,Basic,15,False,False,574.0,3342.8814935064934,12.0,0,0,5.0,39.6,4.333333333333333,0.0,1,0,1
A-72799b,Company_394,DevTools,FR,2023-11-13,event,Enterprise,20,False,True,550.0,2575.5494444444444,34.0,0,1,2.0,33.5,4.5,1.0,1,0,0
A-812c5b,Company_395,DevTools,CA,2024-02-25,organic,Basic,55,False,True,866.0,3045.0555591844054,46.0,0,1,4.0,27.0,4.0,0.0,1,0,0
A-69b156,Company_396,EdTech,US,2023-11-21,other,Pro,7,False,True,360.0,2727.620811287478,20.0,1,0,7.0,32.0,4.0,0.0,0,0,1
A-075038,Company_397,HealthTech,UK,2023-05-12,ads,Basic,17,False,False,743.0,2836.774149659864,31.0,0,1,2.0,43.5,3.0,0.0,1,1,0
A-940b8b,Company_398,HealthTech,DE,2024-03-19,organic,Basic,1,False,False,362.0,3362.7678571428573,32.0,1,0,3.0,41.333333333333336,4.0,0.0,0,0,0
A-2d1036,Company_399,FinTech,US,2024-06-14,ads,Pro,69,False,True,692.0,2551.2930402930406,40.0,0,1,5.0,37.8,4.6,1.0,1,0,1
A-0f6450,Company_400,FinTech,US,2024-12-27,other,Pro,28,True,True,539.0,3285.9996825396825,39.0,0,1,8.0,29.75,3.8333333333333335,1.0,1,1,1
A-9affe6,Company_401,Cybersecurity,US,2023-03-22,other,Pro,7,False,False,473.0,3202.7287878787874,16.0,1,0,3.0,58.0,3.0,0.0,1,1,0
A-80eeb6,Company_402,Cybersecurity,UK,2023-05-09,organic,Enterprise,22,False,False,725.0,3194.5881746031746,43.0,0,1,4.0,40.25,3.6666666666666665,1.0,1,1,0
A-d4e0d4,Company_403,FinTech,US,2024-10-18,other,Basic,117,False,False,488.0,3119.8108333333334,33.0,1,1,4.0,39.25,4.0,0.0,0,0,0
A-c7e58b,Company_404,HealthTech,IN,2023-06-25,other,Pro,3,False,False,343.0,3289.0642857142857,18.0,1,0,5.0,30.6,3.5,0.0,0,1,1
A-016043,Company_405,EdTech,CA,2024-07-31,organic,Basic,4,True,False,490.0,2755.1666666666665,21.0,1,0,3.0,30.333333333333332,4.0,0.0,1,0,0
A-bbe56f,Company_406,HealthTech,US,2023-02-16,ads,Enterprise,21,False,False,232.0,3434.1514285714284,8.0,1,1,4.0,26.25,4.0,0.0,0,0,0
A-7c5768,Company_407,HealthTech,UK,2024-03-02,event,Enterprise,3,False,False,461.0,3270.1082892416225,31.0,1,0,5.0,28.8,4.0,0.0,0,0,1
A-751bd4,Company_408,Cybersecurity,UK,2024-07-12,partner,Pro,10,False,False,92.0,3169.9375,0.0,1,0,6.0,23.166666666666668,4.25,1.0,1,0,1
A-4e0e85,Company_409,DevTools,US,2023-09-08,organic,Enterprise,6,False,False,288.0,2732.5270833333334,9.0,1,0,2.0,53.0,5.0,0.0,1,0,0
A-ad3abd,Company_410,FinTech,US,2023-03-03,event,Pro,44,False,False,296.0,3090.5340136054424,11.0,1,1,3.0,13.0,3.0,0.0,1,1,0
A-e19ff6,Company_411,Cybersecurity,UK,2023-07-28,partner,Enterprise,1,False,False,456.0,3652.347222222222,24.0,1,0,3.0,30.666666666666668,4.666666666666667,0.0,1,0,0
A-7920cc,Company_412,Cybersecurity,FR,2023-11-23,ads,Pro,39,False,False,601.0,3026.856398809524,28.0,0,1,7.0,32.857142857142854,4.333333333333333,0.0,0,0,1
A-5a92e7,Company_413,HealthTech,US,2024-06-11,ads,Pro,4,False,False,885.0,3213.9323308270673,76.0,0,0,7.0,45.0,4.4,0.0,1,0,1
A-fdfc91,Company_414,Cybersecurity,US,2023-05-06,ads,Basic,29,False,False,564.0,2877.734017094017,29.0,0,1,5.0,28.8,3.6666666666666665,0.0,0,1,1
A-1e50e0,Company_415,Cybersecurity,DE,2023-02-21,other,Pro,19,True,True,194.0,2885.846666666667,15.0,1,1,2.0,20.5,5.0,1.0,1,0,0
A-1e1b80,Company_416,FinTech,CA,2023-09-12,other,Enterprise,50,False,False,682.0,2764.4396494708994,47.0,0,1,6.0,43.0,3.2,0.0,1,1,1
A-659280,Company_417,FinTech,IN,2023-11-17,event,Enterprise,13,True,True,613.0,3110.6416666666664,34.0,0,0,4.0,8.0,4.333333333333333,0.0,1,0,0
A-f6b2fb,Company_418,DevTools,AU,2024-04-23,event,Basic,23,False,False,524.0,2769.158571428571,37.0,0,1,5.0,55.0,4.0,1.0,1,0,1
A-cb6cc6,Company_419,DevTools,US,2023-04-03,ads,Basic,13,True,False,314.0,2778.9273809523806,26.0,1,0,3.0,16.333333333333332,3.5,0.0,0,1,0
A-d62e02,Company_420,Cybersecurity,US,2024-08-20,partner,Pro,6,False,False,344.0,3462.7066666666665,23.0,1,0,1.0,36.0,4.0,0.0,0,0,0
A-d535f6,Company_421,DevTools,US,2024-09-03,organic,Basic,12,True,True,477.0,3015.590299823633,29.0,1,0,0.0,0.0,4.0,0.0,1,0,0
A-39868b,Company_422,FinTech,AU,2024-03-17,partner,Pro,9,False,False,305.0,3843.719047619047,21.0,1,0,6.0,39.0,4.25,0.0,1,0,1
A-3cc791,Company_423,EdTech,US,2024-01-10,other,Enterprise,6,False,False,447.0,3168.933035714286,30.0,1,0,6.0,48.333333333333336,4.25,1.0,1,0,1
A-337bc1,Company_424,Cybersecurity,US,2023-07-19,organic,Pro,30,True,False,425.0,3439.1943310657593,34.0,1,1,4.0,32.5,4.0,1.0,1,0,0
A-58b9ff,Company_425,DevTools,IN,2024-05-31,partner,Enterprise,2,False,False,667.0,2932.419291819292,32.0,0,0,2.0,66.0,4.0,1.0,1,0,0
A-bf7919,Company_426,HealthTech,US,2024-11-27,organic,Pro,3,False,False,262.0,3492.0031746031746,14.0,1,0,2.0,14.5,5.0,0.0,1,0,0
A-1d5444,Company_427,Cybersecurity,US,2024-01-18,partner,Basic,24,False,True,592.0,2850.092216117216,35.0,0,1,2.0,30.0,4.0,0.0,1,0,0
A-0f3e88,Company_428,HealthTech,US,2023-07-23,other,Basic,7,False,True,598.0,2969.4242424242425,28.0,0,0,3.0,48.0,4.5,0.0,1,0,0
A-7641d3,Company_429,EdTech,US,2023-02-16,partner,Pro,8,True,True,519.0,3373.605303030303,26.0,0,0,5.0,45.2,4.333333333333333,2.0,1,0,1
A-cd458b,Company_430,DevTools,US,2024-06-15,other,Basic,10,True,False,864.0,3176.492354497355,45.0,0,0,5.0,38.4,4.6,0.0,1,0,1
A-c16b88,Company_431,HealthTech,US,2023-12-02,event,Enterprise,23,False,False,457.0,3232.3882275132273,24.0,1,1,3.0,48.333333333333336,3.0,0.0,1,1,0
A-59f724,Company_432,HealthTech,US,2023-11-03,other,Enterprise,3,True,False,696.0,3076.100694444445,47.0,0,0,4.0,19.25,4.25,0.0,0,0,0
A-87aa7b,Company_433,HealthTech,US,2024-05-16,organic,Pro,24,True,False,742.0,2802.1484375,35.0,0,1,3.0,27.333333333333332,4.0,1.0,1,0,0
A-1e6fc3,Company_434,EdTech,FR,2023-12-06,other,Pro,1,False,False,244.0,3310.9880952380954,19.0,1,0,5.0,23.8,3.6666666666666665,0.0,1,1,1
A-39ddf4,Company_435,EdTech,US,2024-12-05,partner,Enterprise,40,False,False,455.0,3073.185185185185,36.0,1,1,5.0,23.0,4.25,0.0,1,0,1
A-34ea2f,Company_436,HealthTech,US,2024-08-15,organic,Enterprise,8,False,True,550.0,3086.9924603174604,30.0,0,0,8.0,35.25,3.8,0.0,1,1,1
A-716841,Company_437,FinTech,US,2024-05-06,other,Pro,45,False,False,344.0,3110.424702380952,13.0,1,1,5.0,29.8,4.0,0.0,1,0,1
A-558c72,Company_438,FinTech,US,2023-06-01,organic,Basic,12,False,False,296.0,3297.0666666666666,16.0,1,0,4.0,64.25,4.5,1.0,1,0,0
A-b11cd0,Company_439,DevTools,US,2023-01-20,ads,Pro,26,True,True,278.0,2826.3626984126986,16.0,1,1,4.0,38.5,4.0,0.0,0,0,0
A-cc1d8d,Company_440,FinTech,US,2024-12-08,other,Pro,5,False,False,618.0,3183.41510989011,48.0,0,0,5.0,30.2,4.5,0.0,1,0,1
A-7f4db3,Company_441,FinTech,US,2023-03-05,other,Pro,4,False,False,844.0,3115.9837301587304,46.0,0,0,5.0,16.6,3.25,1.0,1,1,1
A-db5e9e,Company_442,DevTools,US,2024-11-09,partner,Basic,4,False,False,586.0,2939.7566964285716,27.0,0,0,2.0,66.0,5.0,0.0,1,0,0
A-cc102e,Company_443,HealthTech,US,2024-04-15,partner,Enterprise,13,False,False,394.0,2753.5314285714285,39.0,1,0,4.0,33.25,4.333333333333333,0.0,1,0,0
A-82d8a6,Company_444,Cybersecurity,UK,2024-11-28,ads,Basic,5,False,False,661.0,2925.701633986928,38.0,0,0,5.0,42.2,3.5,0.0,1,1,1
A-dec005,Company_445,HealthTech,US,2023-10-13,partner,Pro,21,False,False,475.0,2818.554166666667,44.0,1,1,2.0,59.0,3.0,0.0,1,1,0
A-5790f4,Company_446,FinTech,UK,2024-12-22,event,Pro,1,True,False,321.0,2798.8630952380954,26.0,1,0,4.0,44.0,4.0,1.0,1,0,0
A-7c83a1,Company_447,Cybersecurity,US,2024-05-06,partner,Pro,12,False,False,632.0,3501.095535714286,23.0,0,0,4.0,42.0,4.0,0.0,1,0,0
A-297a2d,Company_448,HealthTech,UK,2023-05-05,event,Pro,27,False,False,244.0,2751.6333333333337,22.0,1,1,2.0,32.5,3.0,0.0,0,1,0
A-4c56c9,Company_449,FinTech,US,2023-12-20,partner,Enterprise,9,False,True,623.0,3151.0283882783883,38.0,0,0,5.0,38.6,3.75,0.0,1,1,1
A-cbbe12,Company_450,Cybersecurity,DE,2023-03-22,partner,Enterprise,40,False,False,178.0,2233.361111111111,10.0,1,1,6.0,38.0,4.25,0.0,0,0,1
A-4a267b,Company_451,FinTech,US,2024-05-05,other,Pro,25,False,False,498.0,3063.338095238095,22.0,1,1,4.0,16.25,4.333333333333333,0.0,1,0,0
A-bcbe98,Company_452,Cybersecurity,US,2024-07-29,other,Enterprise,46,False,False,635.0,2684.7992424242425,43.0,0,1,7.0,38.285714285714285,4.0,1.0,1,0,1
A-427b69,Company_453,FinTech,US,2024-08-23,other,Basic,17,False,False,698.0,3159.263538961039,36.0,0,1,2.0,31.5,3.0,0.0,0,1,0
A-0be015,Company_454,FinTech,US,2024-10-15,event,Pro,19,False,False,297.0,3396.4630952380953,13.0,1,1,7.0,40.285714285714285,4.2,1.0,1,0,1
A-054577,Company_455,EdTech,UK,2024-04-28,ads,Basic,2,False,False,833.0,2650.059016504329,52.0,0,0,1.0,46.0,4.0,0.0,0,0,0
A-bc87bc,Company_456,FinTech,US,2024-07-17,event,Pro,3,False,False,394.0,3787.1291666666666,14.0,1,0,7.0,40.57142857142857,3.75,0.0,0,1,1
A-0f7d77,Company_457,FinTech,IN,2024-10-28,partner,Pro,3,False,False,298.0,3131.1,19.0,1,0,5.0,27.2,5.0,0.0,1,0,1
A-e7beab,Company_458,EdTech,DE,2023-10-20,organic,Enterprise,5,False,False,373.0,3487.0132653061223,17.0,1,0,6.0,36.666666666666664,4.0,0.0,1,0,1
A-a09355,Company_459,FinTech,US,2024-08-10,organic,Basic,14,False,False,788.0,2897.0003720238096,47.0,0,0,5.0,32.6,4.0,0.0,1,0,1
A-31ab9a,Company_460,FinTech,DE,2024-03-03,organic,Pro,3,False,False,340.0,3591.1142857142854,23.0,1,0,7.0,43.142857142857146,3.5,0.0,1,1,1
A-0158bb,Company_461,FinTech,DE,2024-05-22,partner,Basic,5,False,False,364.0,3190.8240740740744,22.0,1,0,1.0,32.0,3.0,0.0,0,1,0
A-f19b24,Company_462,Cybersecurity,US,2023-01-10,organic,Pro,29,True,False,119.0,3872.8333333333335,10.0,1,1,2.0,35.5,4.0,1.0,0,0,0
A-798a3f,Company_463,DevTools,FR,2023-10-19,other,Enterprise,12,False,True,352.0,2794.062962962963,19.0,1,0,5.0,33.0,4.0,0.0,1,0,1
A-42b791,Company_464,FinTech,AU,2024-05-20,event,Pro,3,False,False,312.0,2337.1380952380955,6.0,1,0,3.0,33.666666666666664,4.0,0.0,0,0,0
A-068fc6,Company_465,EdTech,US,2023-07-17,event,Enterprise,35,False,False,598.0,2944.474166666667,29.0,0,1,5.0,38.8,4.333333333333333,0.0,0,0,1
A-6f50ae,Company_466,FinTech,US,2023-09-21,partner,Pro,19,False,True,811.0,2938.5613378684807,48.0,0,1,5.0,31.0,4.5,0.0,1,0,1
A-a2485e,Company_467,FinTech,US,2024-08-04,event,Pro,3,True,False,317.0,3608.680555555556,13.0,1,0,0.0,0.0,4.0,0.0,0,0,0
A-bb1eaa,Company_468,Cybersecurity,US,2024-06-11,organic,Basic,21,False,False,164.0,2692.5933333333332,7.0,1,1,6.0,23.5,4.5,0.0,1,0,1
A-cc98bc,Company_469,DevTools,US,2023-05-24,ads,Basic,32,False,False,551.0,3070.6516666666666,24.0,0,1,3.0,4.666666666666667,4.0,0.0,0,0,0
A-d77f4c,Company_470,DevTools,US,2023-09-25,partner,Pro,4,True,False,617.0,3217.0361394557826,32.0,0,0,2.0,31.0,4.0,0.0,1,0,0
A-ccabf0,Company_471,HealthTech,IN,2023-11-06,organic,Pro,1,False,False,506.0,3128.286111111111,29.0,0,0,4.0,46.25,3.6666666666666665,0.0,1,1,0
A-700ade,Company_472,Cybersecurity,UK,2024-10-31,organic,Enterprise,1,True,False,284.0,2962.4,18.0,1,0,4.0,30.25,4.666666666666667,0.0,0,0,0
A-4a4c2d,Company_473,DevTools,US,2023-05-02,event,Enterprise,54,False,False,587.0,2776.457051282051,37.0,0,1,5.0,42.0,4.25,0.0,0,0,1
A-b7ef83,Company_474,Cybersecurity,UK,2024-05-29,partner,Pro,1,True,False,738.0,2844.3312698412697,39.0,0,0,2.0,47.5,4.0,0.0,1,0,0
A-e08cd3,Company_475,FinTech,US,2024-09-21,ads,Pro,67,True,False,432.0,2962.7290476190474,21.0,1,1,8.0,30.375,4.0,0.0,1,0,1
A-19b2c8,Company_476,DevTools,IN,2023-06-06,other,Pro,20,False,False,601.0,3035.8802197802197,34.0,0,1,3.0,29.333333333333332,4.666666666666667,0.0,1,0,0
A-970c97,Company_477,HealthTech,DE,2024-03-01,other,Enterprise,14,False,False,444.0,3050.0900297619046,24.0,1,0,1.0,61.0,5.0,0.0,0,0,0
A-6dee43,Company_478,FinTech,UK,2023-08-12,other,Basic,3,True,False,461.0,2745.0378787878785,11.0,1,0,5.0,44.2,4.333333333333333,0.0,1,0,1
A-5ed98d,Company_479,DevTools,US,2024-06-22,partner,Basic,24,False,False,312.0,2862.586011904762,18.0,1,1,5.0,35.8,5.0,0.0,1,0,1
A-c58f49,Company_480,EdTech,US,2024-07-31,other,Enterprise,70,True,False,363.0,3046.444217687075,22.0,1,1,3.0,36.333333333333336,5.0,1.0,1,0,0
A-9c18c4,Company_481,HealthTech,US,2023-07-27,ads,Pro,11,False,True,556.0,3198.1549999999997,37.0,0,0,4.0,42.25,4.0,0.0,0,0,0
A-cc8c8f,Company_482,DevTools,US,2024-06-16,ads,Enterprise,23,False,False,268.0,2499.202380952381,18.0,1,1,2.0,14.5,3.5,0.0,1,1,0
A-5f7781,Company_483,DevTools,US,2024-08-20,other,Pro,22,False,False,183.0,3984.8,10.0,1,1,2.0,28.5,4.0,0.0,1,0,0
A-e1b9cd,Company_484,DevTools,US,2023-02-26,event,Pro,40,False,True,840.0,3057.438968253968,47.0,0,1,1.0,35.0,3.0,0.0,1,1,0
A-ac85cd,Company_485,EdTech,US,2024-07-31,partner,Enterprise,53,False,False,634.0,2903.140873015873,29.0,0,1,3.0,33.666666666666664,3.5,0.0,1,1,0
A-d792a6,Company_486,DevTools,US,2023-01-23,organic,Enterprise,4,False,False,690.0,2879.203650793651,40.0,0,0,5.0,40.6,4.0,0.0,1,0,1
A-ac9111,Company_487,HealthTech,US,2023-08-12,event,Pro,21,True,False,808.0,2998.7673611111113,46.0,0,1,3.0,24.666666666666668,5.0,0.0,1,0,0
A-18793f,Company_488,EdTech,US,2024-12-18,organic,Basic,148,True,False,486.0,3141.495887445887,20.0,1,1,5.0,45.2,3.8,0.0,1,1,1
A-9f0b68,Company_489,EdTech,US,2024-04-28,ads,Basic,10,False,False,709.0,2734.2280753968257,33.0,0,0,3.0,30.333333333333332,3.0,0.0,1,1,0
A-d3c88e,Company_490,DevTools,US,2024-10-18,event,Pro,16,False,False,644.0,3612.4953296703297,48.0,0,1,3.0,58.0,4.0,0.0,1,0,0
A-ccb686,Company_491,DevTools,US,2024-01-22,other,Basic,10,False,False,721.0,2866.2911706349205,46.0,0,0,1.0,67.0,4.0,0.0,1,0,0
A-118f1c,Company_492,Cybersecurity,US,2024-10-31,other,Pro,32,False,False,369.0,2511.3166666666666,14.0,1,1,1.0,64.0,3.0,0.0,1,1,0
A-0e966d,Company_493,FinTech,IN,2024-06-25,ads,Basic,11,False,True,636.0,3385.3229240456512,34.0,0,0,3.0,31.666666666666668,4.5,1.0,0,0,0
A-b9f5b1,Company_494,Cybersecurity,US,2023-01-24,other,Pro,15,True,False,307.0,2806.442176870748,12.0,1,0,6.0,31.833333333333332,3.3333333333333335,1.0,1,1,1
A-8ae3fc,Company_495,DevTools,CA,2024-06-28,ads,Pro,9,False,False,402.0,3233.1752976190473,30.0,1,0,4.0,39.5,3.5,0.0,1,1,0
A-55f257,Company_496,FinTech,US,2023-12-21,organic,Basic,9,False,False,476.0,2736.5099999999998,25.0,1,0,6.0,43.166666666666664,5.0,0.0,0,0,1
A-d26ab4,Company_497,DevTools,UK,2024-11-07,organic,Basic,9,False,True,458.0,2629.362962962963,24.0,1,0,2.0,49.5,4.0,0.0,1,0,0
A-712533,Company_498,EdTech,US,2023-07-31,organic,Pro,18,False,False,571.0,3398.1412698412696,35.0,0,1,5.0,37.4,3.75,0.0,1,1,1
A-781cc0,Company_499,EdTech,US,2024-09-04,organic,Pro,12,False,False,864.0,3138.1193824404763,42.0,0,0,4.0,57.5,3.6666666666666665,0.0,1,1,0
